FSC-A	FSC-H	SSC-A	SSC-H	CD16 FITC	CD56 PE	DAPI	Time	Plate#	Well position	Sample name
103059.0	75474.0	50749.312	33419.0	197.29001	59648.58	116.59	1673.8	LCE123	P3	Ref_Ctrl
76914.0	64132.0	20557.4	15926.0	65.4	17639.879	45.39	1864.0	LCE123	P4	Ref_Ctrl
72203.4	58039.0	22769.01	16914.0	59.95	11540.279	30.26	2106.3	LCE123	P5	Ref_Ctrl
64366.2	54005.0	28015.182	24125.0	59.95	7833.5996	-3.56	2295.2	LCE123	P6	Ref_Ctrl
79505.1	63489.0	35856.64	26323.0	37.06	15918.12	-24.029999	2463.9	LCE123	P7	Ref_Ctrl
76122.0	61327.0	25961.621	18698.0	26.16	7514.34	38.27	2648.6	LCE123	P8	Ref_Ctrl
80491.5	61903.0	36073.55	29203.0	71.94	11577.0	166.43	2832.5	LCE123	P9	Ref_Ctrl
68517.0	51781.0	24921.762	17937.0	46.870003	10480.5	172.66	3050.8	LCE123	P10	Ref_Ctrl
72822.6	54384.0	58942.844	33195.0	90.47	17778.6	81.88	3219.6	LCE123	P11	Ref_Ctrl
85618.8	65926.0	28135.08	20383.0	44.690002	9040.26	36.489998	3422.0	LCE123	P12	Ref_Ctrl
98071.195	69934.0	30395.74	20551.0	41.420002	11255.7	28.48	3633.0	LCE123	P13	Ref_Ctrl
90015.3	70059.0	42576.492	30950.0	66.490005	8845.439	48.95	3847.7	LCE123	P14	Ref_Ctrl
72468.0	58247.0	29232.71	22535.0	111.18	27481.86	37.38	4098.9	LCE123	P15	Ref_Ctrl
70789.5	58161.0	23547.271	19678.0	47.960003	10347.899	16.91	4299.4	LCE123	P16	Ref_Ctrl
75762.9	61191.0	27339.38	20870.0	55.59	9544.14	34.71	4517.1	LCE123	P17	Ref_Ctrl
78648.3	63327.0	39412.223	29222.0	57.77	12866.279	35.6	4731.3	LCE123	P18	Ref_Ctrl
65610.9	53460.0	24825.84	19081.0	33.79	7109.4	32.93	4915.3	LCE123	P19	Ref_Ctrl
87660.0	67068.0	41143.14	27927.0	83.93	26086.5	56.07	5109.8	LCE123	P20	Ref_Ctrl
98465.4	55749.0	44535.223	22211.0	107.91	30404.16	106.799995	5322.5	LCE123	P21	Ref_Ctrl
85260.6	64567.0	24001.8	18739.0	29.43	9435.0	39.16	5544.0	LCE123	P22	Ref_Ctrl
115089.3	69562.0	75108.63	44791.0	129.71	37108.62	61.41	1698.4	LCE123	A3	NKC_085
127671.3	83696.0	64815.76	43674.0	112.270004	17709.24	52.51	1865.3	LCE123	A4	NKC_085
102016.8	74176.0	50605.43	35155.0	105.73	25967.16	41.829998	2052.9	LCE123	A5	NKC_085
123290.09	71681.0	100057.64	55735.0	553.72003	66.299995	203.81	2330.3	LCE123	A6	NKC_085
110112.3	68001.0	86295.305	55742.0	1148.86	149.94	97.9	2758.3	LCE123	A7	NKC_085
93497.4	66435.0	73614.24	49726.0	486.14	137.7	71.2	3001.6	LCE123	A8	NKC_085
98333.09	65024.0	68036.71	44830.0	2174.55	108.119995	105.909996	3369.7	LCE123	A9	NKC_085
155062.8	88576.0	134912.58	80049.0	1257.86	105.06	187.79	4343.7	LCE123	A10	NKC_085
83309.4	57883.0	72867.59	47461.0	1606.66	66.299995	105.909996	5752.0	LCE123	A11	NKC_085
95595.3	59431.0	75192.56	45789.0	2609.46	77.52	113.03	6011.2	LCE123	A12	NKC_085
171486.89	86064.0	140813.83	70451.0	130.8	124.439995	241.19	6154.7	LCE123	A13	NKC_085
151747.2	84793.0	171893.0	100569.0	130.8	87.72	311.5	6350.6	LCE123	A14	NKC_085
96948.9	55518.0	89892.305	37582.0	100.28001	61.199997	218.05	6523.9	LCE123	A15	NKC_085
181331.1	100022.0	119831.336	64770.0	119.9	77.52	219.83	6702.3	LCE123	A16	NKC_085
200381.39	100261.0	175348.31	94064.0	141.7	93.84	39.16	6895.8	LCE123	A17	NKC_085
106067.695	66139.0	106036.3	64198.0	102.46001	67.32	111.25	7098.3	LCE123	A18	NKC_085
145593.0	90272.0	97948.49	61194.0	184.21	98.939995	338.19998	7272.3	LCE123	A19	NKC_085
80250.3	63789.0	37694.383	25786.0	609.31	8936.22	24.029999	7544.3	LCE123	A20	NKC_085
75104.1	61585.0	25238.951	19975.0	2032.8501	6543.3	24.029999	7783.7	LCE123	A21	NKC_085
88710.3	63328.0	44755.402	30090.0	4635.77	8642.46	67.64	8325.1	LCE123	A22	NKC_085
69395.4	56529.0	27849.5	22603.0	3071.62	1594.26	13.349999	9699.8	LCE123	B22	NKC_085
69182.1	57035.0	20375.371	16818.0	1475.86	2654.04	19.58	9936.4	LCE123	B21	NKC_085
65641.5	54170.0	31435.602	26425.0	736.84	11252.64	20.47	11138.7	LCE123	B20	NKC_085
118311.3	77274.0	114052.16	83627.0	183.12001	87.72	161.98	11284.0	LCE123	B19	NKC_085
171934.2	83363.0	168558.69	77544.0	103.55	115.259995	253.65	11471.1	LCE123	B18	NKC_085
109898.09	69006.0	84871.766	55336.0	109.0	60.18	228.73	11649.9	LCE123	B17	NKC_085
148122.89	87671.0	84357.28	47794.0	113.36	61.199997	117.479996	11844.8	LCE123	B16	NKC_085
163762.2	96540.0	110144.5	68237.0	80.66	83.64	-13.349999	12023.5	LCE123	B15	NKC_085
175761.0	98120.0	115333.99	59139.0	185.3	158.09999	184.23	12224.4	LCE123	B14	NKC_085
121256.09	81742.0	61376.812	40622.0	82.840004	43.86	83.659996	12432.5	LCE123	B13	NKC_085
92521.8	62469.0	69994.35	46021.0	588.60004	120.36	70.31	12678.5	LCE123	B12	NKC_085
86880.6	51887.0	85318.664	55326.0	590.78	216.23999	141.51	13055.1	LCE123	B11	NKC_085
108823.5	68626.0	74517.85	49326.0	1763.62	156.06	247.42	13442.7	LCE123	B10	NKC_085
98646.3	69428.0	67099.31	46227.0	803.33	46.92	122.82	13677.5	LCE123	B9	NKC_085
156344.39	91081.0	75482.5	41075.0	725.94	176.45999	80.99	15769.7	LCE123	B8	NKC_085
112042.8	69952.0	86328.0	56587.0	992.99005	137.7	178.0	16173.2	LCE123	B7	NKC_085
162009.89	95337.0	163453.14	95637.0	1493.3	163.2	402.28	16845.5	LCE123	B6	NKC_085
80388.9	63354.0	31730.99	22622.0	30.52	14175.96	17.8	17009.3	LCE123	B5	NKC_085
81941.4	63565.0	36885.6	25290.0	38.15	17362.44	22.25	17202.0	LCE123	B4	NKC_085
90047.695	63777.0	62886.46	39371.0	100.28001	23995.5	59.629997	17410.4	LCE123	B3	NKC_085
97985.695	71545.0	47716.93	32017.0	87.200005	30483.719	58.739998	17592.5	LCE123	B2	NKC_085
95260.5	69754.0	53466.68	34595.0	147.15001	40783.68	56.96	17787.6	LCE123	B1	NKC_085
100778.4	69593.0	61126.113	35973.0	100.28001	33673.258	97.01	17991.8	LCE123	C1	NKC_085
86880.6	67619.0	34424.383	24246.0	53.41	18268.2	36.489998	18197.0	LCE123	C2	NKC_085
84126.6	60419.0	45669.91	29893.0	83.93	25378.62	31.15	18378.2	LCE123	C3	NKC_085
100431.0	67800.0	45846.492	30966.0	111.18	26133.42	47.17	18554.1	LCE123	C4	NKC_085
103349.695	74275.0	47079.28	30076.0	105.73	40002.36	35.6	18750.9	LCE123	C5	NKC_085
112734.9	77628.0	55203.05	35419.0	531.92004	20.4	121.93	19020.6	LCE123	C6	NKC_085
100814.4	65963.0	75898.88	48134.0	1095.4501	36.72	97.9	19671.3	LCE123	C7	NKC_085
112277.695	77563.0	45373.43	32086.0	572.25	31.619999	81.88	19962.4	LCE123	C8	NKC_085
71577.0	48867.0	56423.85	39258.0	725.94	215.22	122.82	20319.4	LCE123	C9	NKC_085
108154.8	73537.0	88600.66	58339.0	535.19	207.06	102.35	20567.6	LCE123	C10	NKC_085
92975.4	67683.0	58647.453	39734.0	1457.3301	63.239998	33.82	20865.0	LCE123	C11	NKC_085
122105.695	74719.0	74856.84	40662.0	1113.98	83.64	140.62	21203.0	LCE123	C12	NKC_085
198522.0	101864.0	172948.12	83898.0	171.13	134.64	156.64	21348.5	LCE123	C13	NKC_085
117737.09	81092.0	68729.95	47636.0	81.75	42.84	47.17	21528.9	LCE123	C14	NKC_085
181177.19	95986.0	121858.734	50974.0	170.04001	99.96	247.42	21710.4	LCE123	C15	NKC_085
207661.5	103834.0	124754.87	67798.0	146.06	53.04	169.98999	21906.1	LCE123	C16	NKC_085
141480.0	83785.0	115286.03	67443.0	116.630005	75.479996	164.65	22084.7	LCE123	C17	NKC_085
127214.09	84106.0	84354.016	57747.0	85.020004	83.64	152.19	22284.1	LCE123	C18	NKC_085
166038.3	99148.0	106314.24	63396.0	103.55	135.66	229.62	22468.1	LCE123	C19	NKC_085
77403.6	62067.0	27194.41	19347.0	1631.7301	6447.42	32.93	22686.9	LCE123	C20	NKC_085
145041.3	80606.0	137429.39	77856.0	1401.74	7119.6	147.73999	22943.7	LCE123	C21	NKC_085
65607.3	54655.0	20423.33	16951.0	967.92004	5720.1597	16.02	23127.7	LCE123	C22	NKC_085
183727.8	93650.0	138940.12	65982.0	685.61005	1792.14	493.06	23311.5	LCE123	C23	NKC_085
81679.5	64096.0	29295.932	20575.0	518.84	9436.02	22.25	23517.8	LCE123	B23	NKC_085
65169.0	54996.0	18936.57	16116.0	916.69	5065.32	6.23	23958.8	LCE123	B24	NKC_085
81594.0	64732.0	36662.152	25693.0	1786.51	2856.0	24.029999	24288.1	LCE123	C24	NKC_085
81040.5	62154.0	23926.59	16650.0	2031.76	8789.34	20.47	24534.0	LCE123	D24	NKC_085
69463.8	57456.0	26946.98	21668.0	2537.52	1454.52	38.27	25036.1	LCE123	D23	NKC_085
79192.8	62659.0	26606.9	18282.0	4279.3403	1672.7999	31.15	25371.5	LCE123	D22	NKC_085
84153.6	64448.0	23440.451	17499.0	1521.64	5747.6997	32.93	25652.5	LCE123	D21	NKC_085
73632.6	59896.0	26591.64	20507.0	1529.27	5163.2397	19.58	25872.2	LCE123	D20	NKC_085
182759.39	100651.0	140225.23	75971.0	163.5	84.659996	123.71	26026.6	LCE123	D19	NKC_085
152497.8	92839.0	84392.164	48895.0	80.66	82.619995	235.84999	26194.9	LCE123	D18	NKC_085
187695.0	97601.0	153259.45	79551.0	134.07	54.059998	146.84999	26383.4	LCE123	D17	NKC_085
156744.0	92865.0	94893.23	53047.0	61.04	85.68	64.08	26572.7	LCE123	D16	NKC_085
138754.8	89272.0	73512.875	46839.0	90.47	139.73999	78.32	26760.1	LCE123	D15	NKC_085
154076.39	81914.0	96520.59	60662.0	87.200005	55.079998	173.55	26947.7	LCE123	D14	NKC_085
150760.8	81111.0	128310.445	69046.0	110.090004	59.16	225.17	27169.4	LCE123	D13	NKC_085
146961.0	87440.0	110907.5	60326.0	722.67004	158.09999	137.95	27864.2	LCE123	D12	NKC_085
112552.195	68868.0	81887.34	48923.0	736.84	118.32	85.44	28188.4	LCE123	D11	NKC_085
78555.6	62204.0	21052.26	16273.0	2923.3801	185.64	19.58	29068.6	LCE123	D10	NKC_085
129582.0	81037.0	95264.914	55659.0	575.52	120.36	104.13	29690.3	LCE123	D9	NKC_085
160411.5	88489.0	114925.24	53971.0	955.93005	84.659996	193.12999	30229.9	LCE123	D8	NKC_085
128920.5	78376.0	128199.266	56859.0	941.76	178.5	274.12	30560.3	LCE123	D7	NKC_085
147151.8	72669.0	93021.695	55798.0	907.97003	76.5	170.88	30949.1	LCE123	D6	NKC_085
94767.3	66319.0	44355.37	32236.0	98.100006	21920.82	20.47	31114.7	LCE123	D5	NKC_085
88636.5	65326.0	45469.35	31304.0	116.630005	25122.6	50.73	31296.0	LCE123	D4	NKC_085
104984.09	76221.0	33456.46	23466.0	111.18	36914.82	41.829998	31482.6	LCE123	D3	NKC_085
88404.3	62985.0	71832.09	42362.0	118.810005	26863.74	89.0	31668.0	LCE123	D2	NKC_085
100629.0	73338.0	38680.832	26409.0	98.100006	34449.48	6.23	31866.8	LCE123	D1	NKC_085
69674.4	56826.0	32775.21	24829.0	46.870003	8343.6	7.12	32053.2	LCE123	E1	NKC_085
81069.3	64829.0	20377.55	17508.0	56.68	11671.859	31.15	32240.6	LCE123	E2	NKC_085
89991.9	65424.0	43204.332	31069.0	91.560005	27500.219	14.24	32434.2	LCE123	E3	NKC_085
125665.195	79709.0	44535.223	27330.0	76.3	19494.24	45.39	32637.5	LCE123	E4	NKC_085
116998.195	75559.0	50453.92	31672.0	80.66	14615.58	20.47	32826.9	LCE123	E5	NKC_085
96977.695	64067.0	55424.32	36527.0	894.89	57.12	113.03	34228.0	LCE123	E6	NKC_085
119633.4	83025.0	66151.016	41996.0	824.04004	38.76	104.13	34467.5	LCE123	E7	NKC_085
116158.5	65660.0	101817.99	53614.0	656.18	71.4	197.58	35473.1	LCE123	E8	NKC_085
89430.3	69480.0	30623.55	21807.0	4086.4102	57.12	32.04	35836.5	LCE123	E9	NKC_085
105861.59	74890.0	53966.992	35481.0	5095.75	-9.18	49.84	36623.6	LCE123	E10	NKC_085
116996.4	72860.0	100757.42	57179.0	547.18	92.82	207.37	36926.2	LCE123	E11	NKC_085
112405.5	75275.0	80180.41	50507.0	1063.8401	156.06	218.94	37243.5	LCE123	E12	NKC_085
139983.3	80900.0	63415.113	33866.0	162.41	49.98	312.38998	37398.6	LCE123	E13	NKC_085
146405.7	73101.0	56008.562	30075.0	63.22	76.5	204.7	37581.0	LCE123	E14	NKC_085
121781.695	80964.0	73794.09	46946.0	58.86	62.219997	99.68	37772.9	LCE123	E15	NKC_085
212930.1	103914.0	157594.39	84923.0	151.51001	79.56	198.47	37963.0	LCE123	E16	NKC_085
150299.1	79137.0	73464.914	47417.0	73.03	141.78	314.16998	38155.1	LCE123	E17	NKC_085
152385.3	91410.0	90375.17	49133.0	64.310005	43.86	-119.259995	38346.2	LCE123	E18	NKC_085
124775.09	80693.0	68364.805	42151.0	86.11	57.12	101.46	38536.1	LCE123	E19	NKC_085
65019.598	52551.0	34018.902	27715.0	1123.79	20405.1	12.46	39148.1	LCE123	E20	NKC_085
72228.6	59573.0	23405.57	19538.0	1122.7001	11900.34	41.829998	39639.2	LCE123	E21	NKC_085
86220.0	64397.0	32067.8	23399.0	824.04004	12261.42	47.17	39928.5	LCE123	E22	NKC_085
65498.4	54831.0	21239.74	17280.0	2742.4402	2006.34	25.81	40228.5	LCE123	E23	NKC_085
89831.695	67364.0	34979.19	23446.0	892.71	31915.799	40.94	40392.4	LCE123	E24	NKC_085
81003.6	64484.0	31348.4	25269.0	8633.891	2670.3599	19.58	40628.8	LCE123	F24	NKC_085
65151.0	53174.0	19594.93	15165.0	3032.3801	2218.5	30.26	40859.7	LCE123	F23	NKC_085
72812.695	59586.0	29554.262	22090.0	4104.94	1601.4	28.48	41302.9	LCE123	F22	NKC_085
66167.1	55328.0	20532.33	16558.0	2800.2102	1303.5599	-129.05	41648.5	LCE123	F21	NKC_085
81669.6	64321.0	32241.111	23611.0	715.04004	4820.52	24.029999	42616.2	LCE123	F20	NKC_085
117014.4	73411.0	74782.72	48382.0	67.58	31.619999	-105.909996	42786.9	LCE123	F19	NKC_085
164070.89	82382.0	81183.2	54091.0	104.64	44.879997	83.659996	42988.2	LCE123	F18	NKC_085
129741.3	81335.0	63052.14	42146.0	103.55	38.76	313.28	43167.9	LCE123	F17	NKC_085
147830.39	89503.0	126641.66	80639.0	115.54	71.4	169.98999	43360.1	LCE123	F16	NKC_085
177596.1	97583.0	111904.85	57662.0	140.61	108.119995	302.6	43563.7	LCE123	F15	NKC_085
151375.5	86205.0	117400.63	65687.0	173.31001	73.44	151.3	43742.0	LCE123	F14	NKC_085
150881.39	81160.0	106594.375	56867.0	117.72	90.78	146.84999	43934.0	LCE123	F13	NKC_085
109801.8	69144.0	64827.754	42347.0	483.96002	117.299995	105.909996	44667.6	LCE123	F12	NKC_085
101886.3	73344.0	68785.54	48999.0	2052.47	31.619999	153.08	45011.1	LCE123	F11	NKC_085
102295.8	73369.0	55875.582	35262.0	2523.35	21.42	56.96	45391.4	LCE123	F10	NKC_085
108905.4	75915.0	54893.492	36273.0	818.59	49.98	103.24	45743.1	LCE123	F9	NKC_085
139243.5	76711.0	106448.31	67814.0	1035.5	57.12	132.61	46026.2	LCE123	F8	NKC_085
74879.1	58375.0	30956.0	22863.0	7700.85	22.439999	32.93	46990.9	LCE123	F7	NKC_085
114627.59	66503.0	122162.84	78690.0	868.73004	61.199997	131.72	47463.4	LCE123	F6	NKC_085
81531.0	45020.0	78168.266	46587.0	168.95001	51320.277	108.58	47658.2	LCE123	F5	NKC_085
83538.0	59431.0	49896.93	30650.0	83.93	24574.86	50.73	47842.3	LCE123	F4	NKC_085
95778.9	70911.0	34125.723	25414.0	70.85	23338.62	29.369999	48019.2	LCE123	F3	NKC_085
82764.0	61538.0	35853.37	24093.0	81.75	23302.92	47.17	48217.5	LCE123	F2	NKC_085
100869.3	75470.0	45154.34	29522.0	103.55	30796.86	63.19	48401.9	LCE123	F1	NKC_085
98507.695	71142.0	50543.3	33802.0	126.44	25578.54	37.38	48581.6	LCE123	G1	NKC_085
76243.5	59758.0	32480.91	23327.0	52.32	17076.84	42.72	48775.5	LCE123	G2	NKC_085
78598.8	62572.0	26837.98	19770.0	69.76	17269.62	32.93	48966.6	LCE123	G3	NKC_085
95279.4	70820.0	35685.51	26014.0	97.01	20660.1	29.369999	49139.6	LCE123	G4	NKC_085
80108.1	56557.0	52454.07	33047.0	142.79001	33893.58	-49.84	49341.8	LCE123	G5	NKC_085
158905.8	92083.0	128255.945	75330.0	768.45	110.159996	263.44	50218.4	LCE123	G6	NKC_085
111719.695	76202.0	84980.766	56171.0	1075.8301	51.0	123.71	51198.4	LCE123	G7	NKC_085
88649.09	49939.0	65269.203	40891.0	1600.12	111.18	185.12	51632.1	LCE123	G8	NKC_085
91806.3	61340.0	57074.582	37568.0	1377.76	19.38	79.21	51876.9	LCE123	G9	NKC_085
102721.5	73270.0	69571.43	48149.0	515.57	87.72	81.88	52314.2	LCE123	G10	NKC_085
124857.0	82005.0	103987.09	70809.0	807.69	100.979996	173.55	52882.2	LCE123	G11	NKC_085
100530.9	68079.0	56687.633	36126.0	1207.7201	54.059998	105.02	53365.5	LCE123	G12	NKC_085
189400.5	101008.0	143949.77	77574.0	199.47	97.92	367.57	53535.4	LCE123	G13	NKC_085
123507.9	80825.0	83597.555	50390.0	86.11	53.04	3.56	53716.8	LCE123	G14	NKC_085
106602.3	76613.0	44396.793	32702.0	65.4	90.78	132.61	53906.7	LCE123	G15	NKC_085
133065.89	85380.0	68145.71	42452.0	59.95	51.0	81.88	54082.5	LCE123	G16	NKC_085
168106.5	93254.0	87726.48	45882.0	151.51001	100.979996	158.42	54267.4	LCE123	G17	NKC_085
124091.09	66700.0	126366.98	70395.0	123.170006	128.52	191.34999	54457.1	LCE123	G18	NKC_085
153365.39	90267.0	111826.375	61455.0	129.71	112.2	98.79	54653.1	LCE123	G19	NKC_085
68003.1	55957.0	24217.621	17717.0	2984.4202	908.82	16.02	54885.5	LCE123	G20	NKC_085
64008.9	53036.0	20435.32	15739.0	1047.49	924.12	11.57	55603.9	LCE123	G21	NKC_085
74261.695	60775.0	29124.8	23071.0	553.72003	4488.0	37.38	55904.8	LCE123	G22	NKC_085
67648.5	55005.0	23553.81	18514.0	2658.51	2135.88	37.38	56129.7	LCE123	G23	NKC_085
83460.6	67034.0	30294.371	23706.0	1335.25	11033.34	40.94	56513.8	LCE123	G24	NKC_085
68963.4	57234.0	23153.781	18732.0	481.78003	5309.1	17.8	56811.1	LCE123	H24	NKC_085
75603.6	61082.0	28189.58	21009.0	1076.92	3540.42	24.029999	57043.4	LCE123	H23	NKC_085
71742.6	57684.0	21189.602	15550.0	1443.16	2035.9199	49.84	57619.9	LCE123	H22	NKC_085
69491.695	57838.0	25691.3	20796.0	5004.19	2267.46	38.27	57942.7	LCE123	H21	NKC_085
65092.5	53703.0	25804.66	20575.0	759.73004	4843.98	34.71	58124.3	LCE123	H20	NKC_085
133518.6	79359.0	89275.36	54198.0	117.72	78.54	225.17	58281.2	LCE123	H19	NKC_085
139803.3	81490.0	91416.125	49501.0	136.25	127.5	87.22	58457.9	LCE123	H18	NKC_085
113205.59	68819.0	92460.34	60014.0	99.19	39.78	132.61	58629.4	LCE123	H17	NKC_085
126584.09	83404.0	65838.18	41867.0	75.21	64.26	108.58	58841.1	LCE123	H16	NKC_085
193237.19	93932.0	180991.23	87112.0	125.350006	145.86	283.02	59021.2	LCE123	H15	NKC_085
176730.3	90419.0	94867.06	51787.0	125.350006	74.46	86.33	59199.3	LCE123	H14	NKC_085
136118.7	89306.0	68313.57	45898.0	68.670006	79.56	75.65	59373.4	LCE123	H13	NKC_085
131430.6	78173.0	83770.86	45958.0	547.18	214.2	178.89	59573.5	LCE123	H12	NKC_085
91024.195	64660.0	73545.57	52336.0	620.21	143.81999	154.86	60246.0	LCE123	H11	NKC_085
121280.4	74496.0	71607.555	42234.0	649.64	70.38	89.0	61082.0	LCE123	H10	NKC_085
109923.3	72508.0	86128.53	55501.0	644.19	39.78	209.15	61432.5	LCE123	H9	NKC_085
214011.0	108645.0	136786.28	65982.0	506.85	42.84	241.19	62601.1	LCE123	H8	NKC_085
97865.09	66400.0	88303.086	55411.0	1355.9601	55.079998	112.14	63580.6	LCE123	H7	NKC_085
73327.5	55684.0	67212.67	44327.0	897.07	104.04	52.51	64481.0	LCE123	H6	NKC_085
88783.195	67521.0	42329.062	32179.0	75.21	7478.6396	28.48	64664.1	LCE123	H5	NKC_085
74162.695	55967.0	32616.07	25046.0	37.06	13060.08	23.14	64839.7	LCE123	H4	NKC_085
86859.0	68706.0	30248.592	22703.0	100.28001	28401.9	55.18	65024.1	LCE123	H3	NKC_085
92073.59	68581.0	39993.19	28552.0	99.19	32143.26	32.93	65247.3	LCE123	H2	NKC_085
104433.3	68186.0	48925.742	33582.0	99.19	35397.06	58.739998	65435.3	LCE123	H1	NKC_085
77253.3	57714.0	53978.98	39818.0	123.170006	24935.94	72.979996	65606.1	LCE123	I1	NKC_085
88117.195	68832.0	50868.12	40682.0	100.28001	25742.76	50.73	65793.7	LCE123	I2	NKC_085
92093.4	69423.0	54680.94	38078.0	64.310005	29921.7	72.09	65971.7	LCE123	I3	NKC_085
88869.59	64800.0	40857.562	30090.0	83.93	16407.719	39.16	66168.2	LCE123	I4	NKC_085
75398.4	61587.0	21734.602	17423.0	53.41	15245.939	26.699999	66354.1	LCE123	I5	NKC_085
106083.0	64815.0	69954.02	45393.0	1718.93	53.04	117.479996	66673.5	LCE123	I6	NKC_085
86570.1	67007.0	25070.0	17943.0	3942.53	-3.06	51.62	67386.5	LCE123	I7	NKC_085
117792.0	75418.0	59315.62	37679.0	699.78	183.59999	188.68	67867.4	LCE123	I8	NKC_085
108460.8	65709.0	91603.6	55503.0	1172.8401	25.5	150.41	68237.8	LCE123	I9	NKC_085
112556.695	75997.0	50147.633	32546.0	510.12003	9.18	63.19	69003.9	LCE123	I10	NKC_085
109659.59	70016.0	61890.203	38002.0	1815.9401	114.24	132.61	69390.4	LCE123	I11	NKC_085
113189.4	66086.0	78115.945	48779.0	545.0	114.24	130.83	70484.4	LCE123	I12	NKC_085
181504.8	100245.0	112940.35	62661.0	103.55	77.52	153.97	70685.8	LCE123	I13	NKC_085
156011.39	92052.0	88526.53	55739.0	101.37	61.199997	129.94	70859.8	LCE123	I14	NKC_085
156208.5	88536.0	111865.62	66899.0	94.83	110.159996	171.77	71045.0	LCE123	I15	NKC_085
129510.0	83195.0	74631.21	48834.0	99.19	56.1	177.11	71216.6	LCE123	I16	NKC_085
154481.39	85218.0	105791.05	56509.0	126.44	170.34	126.38	71397.4	LCE123	I17	NKC_085
143692.2	75505.0	135346.39	74551.0	186.39	64.26	123.71	71588.5	LCE123	I18	NKC_085
107504.09	70372.0	46307.562	30810.0	80.66	38.76	100.57	71766.6	LCE123	I19	NKC_085
66908.695	53730.0	20829.9	15269.0	668.17004	5055.12	25.81	71970.9	LCE123	I20	NKC_085
82078.195	65370.0	33121.832	26304.0	4769.8403	3399.66	10.68	72269.7	LCE123	I21	NKC_085
74315.695	60277.0	24849.82	20298.0	768.45	8415.0	-77.43	72850.7	LCE123	I22	NKC_085
148333.5	84831.0	88543.98	50503.0	515.57	823.14	192.23999	73191.8	LCE123	I23	NKC_085
77390.1	61564.0	25676.041	20299.0	1156.49	16529.1	23.14	73859.2	LCE123	I24	NKC_085
82420.195	65284.0	30273.66	23682.0	954.84	6674.88	34.71	74241.7	LCE123	J24	NKC_085
74070.9	60476.0	25354.49	19499.0	4391.6104	1479.0	20.47	74490.8	LCE123	J23	NKC_085
96039.9	69186.0	44986.48	30110.0	1450.79	9553.319	-149.52	74680.9	LCE123	J22	NKC_085
67990.5	55837.0	28020.63	22791.0	1807.2201	5368.26	38.27	75073.6	LCE123	J21	NKC_085
62302.5	51179.0	21514.42	17487.0	571.16003	6395.4	23.14	75308.5	LCE123	J20	NKC_085
100231.195	58681.0	113345.836	54422.0	77.39	40.8	109.47	75464.1	LCE123	J19	NKC_085
113138.09	78002.0	58740.1	38922.0	64.310005	37.739998	54.29	75625.3	LCE123	J18	NKC_085
165294.0	89557.0	96066.06	56972.0	95.920006	74.46	118.369995	75818.6	LCE123	J17	NKC_085
132546.6	80665.0	135734.44	85927.0	154.78	106.08	209.15	75994.9	LCE123	J16	NKC_085
108698.4	74387.0	69333.81	44197.0	70.85	31.619999	138.84	76178.6	LCE123	J15	NKC_085
62361.0	52314.0	23472.06	20098.0	75.21	39.78	46.28	76366.3	LCE123	J14	NKC_085
179262.0	102573.0	102166.8	55607.0	107.91	80.58	163.76	76558.8	LCE123	J13	NKC_085
95961.59	65824.0	57554.184	42043.0	661.63	40.8	77.43	76750.2	LCE123	J12	NKC_085
134571.6	85031.0	82866.164	56962.0	1151.04	190.73999	206.48	77015.4	LCE123	J11	NKC_085
78460.195	64563.0	24094.451	18810.0	2160.3801	130.56	14.24	77654.1	LCE123	J10	NKC_085
186039.89	94777.0	152225.05	85290.0	550.45	132.59999	246.53	78511.7	LCE123	J9	NKC_085
156843.89	81239.0	144024.97	82574.0	510.12003	186.66	237.62999	78738.3	LCE123	J8	NKC_085
117967.5	73975.0	83355.57	54673.0	2582.21	97.92	129.05	80093.2	LCE123	J7	NKC_085
141552.89	78692.0	118912.46	67555.0	4006.84	213.18	220.72	81684.4	LCE123	J6	NKC_085
76309.195	61081.0	28610.32	22142.0	43.600002	13329.359	31.15	81838.9	LCE123	J5	NKC_085
97135.195	70567.0	39354.453	28631.0	93.740005	20414.28	32.93	82026.1	LCE123	J4	NKC_085
82888.195	63924.0	47864.082	35486.0	138.43001	39355.68	25.81	82215.4	LCE123	J3	NKC_085
122415.3	80528.0	59494.383	38132.0	128.62001	22191.12	48.95	82427.5	LCE123	J2	NKC_085
121099.5	72405.0	52417.01	33048.0	112.270004	29213.82	110.36	82613.0	LCE123	J1	NKC_085
120102.3	81073.0	47448.793	29310.0	65.4	14748.18	90.78	82805.1	LCE123	K1	NKC_085
91027.8	69853.0	29254.512	20993.0	55.59	19192.32	43.61	83002.5	LCE123	K2	NKC_085
99246.59	72022.0	47259.133	32015.0	81.75	26720.94	48.059998	83185.6	LCE123	K3	NKC_085
75738.6	56844.0	37702.01	30101.0	88.29	26718.9	29.369999	83363.4	LCE123	K4	NKC_085
72907.195	55436.0	48199.8	29971.0	109.0	26445.54	28.48	83549.0	LCE123	K5	NKC_085
133872.3	85877.0	80701.42	48514.0	559.17004	67.32	161.09	83872.2	LCE123	K6	NKC_085
103632.3	65205.0	86614.67	55554.0	720.49005	66.299995	224.28	84626.9	LCE123	K7	NKC_085
66102.3	55327.0	21302.96	17821.0	2993.1401	218.28	-2.67	84997.0	LCE123	K8	NKC_085
93889.8	67643.0	51632.21	32462.0	2150.57	37.739998	70.31	85491.3	LCE123	K9	NKC_085
135281.7	79148.0	99657.61	57060.0	888.35004	168.3	218.05	86109.6	LCE123	K10	NKC_085
83356.195	64753.0	27995.56	20470.0	1815.9401	13.26	42.72	87339.0	LCE123	K11	NKC_085
81002.695	64266.0	29787.521	22930.0	723.76	157.08	43.61	87609.7	LCE123	K12	NKC_085
131040.0	80533.0	88068.734	56288.0	93.740005	68.34	329.3	87753.6	LCE123	K13	NKC_085
142453.8	77611.0	97263.98	52856.0	64.310005	69.36	111.25	87926.0	LCE123	K14	NKC_085
170471.7	99529.0	116377.125	66752.0	151.51001	88.74	137.95	88125.4	LCE123	K15	NKC_085
95187.59	63575.0	59677.5	37974.0	112.270004	105.06	105.909996	88317.3	LCE123	K16	NKC_085
114849.9	79278.0	70707.21	49100.0	54.5	132.59999	210.04	88495.1	LCE123	K17	NKC_085
150230.7	87583.0	85212.93	60294.0	153.69	71.4	105.909996	88683.5	LCE123	K18	NKC_085
139423.5	84814.0	87477.95	47362.0	66.490005	43.86	152.19	88871.2	LCE123	K19	NKC_085
105268.5	74576.0	109033.8	71159.0	644.19	5742.6	130.83	89351.8	LCE123	K20	NKC_085
71729.1	57531.0	24049.76	19118.0	616.94	2408.22	23.14	89927.9	LCE123	K21	NKC_085
86620.5	67061.0	31792.031	22351.0	2740.26	9938.88	33.82	90206.2	LCE123	K22	NKC_085
71604.9	58640.0	26587.281	21243.0	905.79004	3337.44	16.91	90564.5	LCE123	K23	NKC_085
71354.695	56987.0	26391.08	19412.0	4292.42	1689.12	28.48	91090.4	LCE123	K24	NKC_085
73842.3	60089.0	24933.75	19445.0	5457.6304	1400.46	42.72	91835.5	LCE123	L24	NKC_085
167040.89	94652.0	116131.875	55639.0	621.30005	1081.2	287.47	92206.5	LCE123	L23	NKC_085
95487.3	63963.0	62836.32	42056.0	792.43005	1586.1	93.45	92662.1	LCE123	L22	NKC_085
81723.6	63885.0	27615.15	20419.0	513.39	4753.1997	35.6	92972.3	LCE123	L21	NKC_085
72411.3	58029.0	21439.21	16579.0	949.39	7615.32	32.04	93188.4	LCE123	L20	NKC_085
122446.8	75011.0	101098.59	55203.0	81.75	63.239998	88.11	93350.9	LCE123	L19	NKC_085
111242.695	69370.0	69722.945	43577.0	99.19	69.36	181.56	93538.6	LCE123	L18	NKC_085
152281.8	95991.0	84548.03	52854.0	82.840004	74.46	97.9	93711.6	LCE123	L17	NKC_085
162639.89	91539.0	111419.805	67567.0	73.03	39.78	199.36	93905.2	LCE123	L16	NKC_085
147077.1	87380.0	98263.5	64322.0	75.21	87.72	119.259995	94113.4	LCE123	L15	NKC_085
83324.695	62203.0	57255.523	44367.0	76.3	43.86	80.1	94301.8	LCE123	L14	NKC_085
144589.5	84291.0	92821.13	51558.0	125.350006	112.2	114.81	94493.3	LCE123	L13	NKC_085
132750.0	83874.0	81784.88	50875.0	963.56006	37.739998	79.21	95354.7	LCE123	L12	NKC_085
111704.4	69558.0	76335.97	49271.0	1325.4401	107.1	191.34999	96312.7	LCE123	L11	NKC_085
115106.4	71573.0	111822.016	55745.0	783.71	189.72	261.66	97254.7	LCE123	L10	NKC_085
128369.695	81499.0	83504.91	51511.0	825.13	221.34	161.09	97949.7	LCE123	L9	NKC_085
101319.3	64351.0	85954.13	57364.0	900.34	114.24	136.17	98299.1	LCE123	L8	NKC_085
124285.5	76366.0	70726.836	43463.0	507.94	82.619995	114.81	98999.9	LCE123	L7	NKC_085
156291.3	87748.0	88737.99	43725.0	719.4	135.66	291.03	99241.0	LCE123	L6	NKC_085
100027.8	75366.0	41186.742	30913.0	90.47	21417.959	10.68	99385.5	LCE123	L5	NKC_085
87676.195	62028.0	50154.17	31510.0	65.4	23775.18	40.94	99555.9	LCE123	L4	NKC_085
83781.0	61589.0	35453.34	26329.0	62.13	10014.359	184.23	99748.1	LCE123	L3	NKC_085
86880.6	65483.0	39173.51	28373.0	54.5	8803.62	9.79	99939.0	LCE123	L2	NKC_085
95428.8	64974.0	49377.0	35270.0	109.0	30313.379	60.52	100115.5	LCE123	L1	NKC_085
105245.09	73443.0	59533.62	36614.0	147.15001	36057.0	76.54	100324.3	LCE123	M1	NKC_085
93573.0	67511.0	46619.3	29662.0	119.9	35919.3	81.88	100510.5	LCE123	M2	NKC_085
103607.09	75840.0	45093.3	30594.0	75.21	26396.58	53.399998	100682.5	LCE123	M3	NKC_085
90905.4	68840.0	24943.56	19549.0	66.490005	15768.18	24.92	100872.2	LCE123	M4	NKC_085
77902.195	62671.0	28444.64	20875.0	71.94	15950.76	36.489998	101072.4	LCE123	M5	NKC_085
125613.0	73101.0	111472.125	60725.0	1036.5901	138.72	128.16	101997.8	LCE123	M6	NKC_085
103294.8	61273.0	85289.234	48767.0	974.46	142.8	181.56	102476.7	LCE123	M7	NKC_085
130398.3	86975.0	62767.652	41458.0	471.97	67.32	141.51	103060.4	LCE123	M8	NKC_085
111472.195	73881.0	61455.293	39573.0	720.49005	58.14	126.38	103304.7	LCE123	M9	NKC_085
119172.59	81908.0	60642.152	43869.0	624.57	140.76	186.9	103939.8	LCE123	M10	NKC_085
123985.8	78913.0	100107.78	57828.0	1850.8201	130.56	123.71	104219.5	LCE123	M11	NKC_085
103638.59	71221.0	63042.332	40385.0	3313.6	25.5	75.65	106151.2	LCE123	M12	NKC_085
106734.59	69242.0	90970.31	59678.0	66.490005	36.72	197.58	106310.7	LCE123	M13	NKC_085
161488.8	90250.0	101049.55	56135.0	105.73	73.44	180.67	106483.7	LCE123	M14	NKC_085
79434.9	61431.0	39081.953	33916.0	56.68	63.239998	51.62	106658.8	LCE123	M15	NKC_085
130395.59	79514.0	76220.43	47393.0	94.83	146.88	145.95999	106851.8	LCE123	M16	NKC_085
122655.59	74530.0	70698.49	43898.0	73.03	62.219997	60.52	107029.5	LCE123	M17	NKC_085
149015.7	85143.0	116973.35	69723.0	116.630005	59.16	124.6	107210.4	LCE123	M18	NKC_085
149544.89	92051.0	90984.484	54958.0	109.0	46.92	129.94	107393.5	LCE123	M19	NKC_085
69752.695	56966.0	26100.05	19357.0	1090.0	10388.7	13.349999	107755.3	LCE123	M20	NKC_085
79166.695	62360.0	28264.791	22945.0	1521.64	12944.819	27.59	107952.5	LCE123	M21	NKC_085
69892.195	57621.0	21157.99	16475.0	1953.28	854.76	32.04	108136.7	LCE123	M22	NKC_085
77582.695	61521.0	26722.441	20274.0	1343.9701	11644.319	19.58	108544.8	LCE123	M23	NKC_085
155195.1	76214.0	120824.32	64147.0	2898.31	16140.4795	55.18	108768.3	LCE123	M24	NKC_085
74073.6	58736.0	25046.021	19452.0	1318.9	12519.4795	44.5	109034.8	LCE123	N24	NKC_085
78709.5	63114.0	27666.38	19527.0	1557.6101	14144.34	22.25	109434.8	LCE123	N23	NKC_085
62118.0	51590.0	23074.21	19466.0	637.65	2934.54	21.36	109651.3	LCE123	N22	NKC_085
69148.8	56205.0	21453.38	16738.0	2812.2002	787.44	26.699999	110043.5	LCE123	N21	NKC_085
132602.39	80636.0	86752.016	46375.0	113.36	48.96	67.64	110194.7	LCE123	N20	NKC_085
152197.2	96132.0	77399.81	44743.0	120.990005	66.299995	100.57	110372.4	LCE123	N19	NKC_085
162887.39	93010.0	123402.17	66207.0	104.64	100.979996	180.67	110545.8	LCE123	N18	NKC_085
143123.39	88536.0	83743.61	54487.0	112.270004	75.479996	56.07	110730.6	LCE123	N17	NKC_085
155694.6	88663.0	90172.43	50968.0	91.560005	73.44	137.06	110927.9	LCE123	N16	NKC_085
177702.3	96266.0	128154.57	64549.0	199.47	117.299995	209.15	111114.7	LCE123	N15	NKC_085
162100.8	91217.0	116287.74	63862.0	74.12	68.34	83.659996	111319.5	LCE123	N14	NKC_085
127607.4	85514.0	157304.44	102131.0	162.41	88.74	75.65	111500.0	LCE123	N13	NKC_085
200606.39	95461.0	198280.81	85161.0	609.31	117.299995	414.74	111825.2	LCE123	N12	NKC_085
108355.5	63594.0	83149.56	50564.0	1038.77	26.52	130.83	112237.9	LCE123	N11	NKC_085
96663.59	64220.0	68163.15	44923.0	582.06	184.62	199.36	112533.3	LCE123	N10	NKC_085
185207.39	92339.0	190186.47	80231.0	652.91003	191.76	500.18	112727.2	LCE123	N9	NKC_085
111073.5	67669.0	114107.74	68747.0	1195.73	95.88	166.43	113891.6	LCE123	N8	NKC_085
92194.195	62436.0	88287.82	58586.0	1012.61005	87.72	167.31999	114810.5	LCE123	N7	NKC_085
108042.3	74435.0	91195.945	56743.0	705.23004	185.64	128.16	115243.0	LCE123	N6	NKC_085
100876.5	57324.0	93240.78	55683.0	833.85004	25.5	106.799995	115473.6	LCE123	N5	NKC_085
69001.195	56885.0	25027.49	19858.0	97.01	9320.76	40.94	115622.1	LCE123	N4	NKC_085
69776.1	56617.0	17662.361	13219.0	53.41	8871.96	-4.45	115819.0	LCE123	N3	NKC_085
97237.8	69648.0	44553.75	29970.0	149.33	51435.54	28.48	115997.8	LCE123	N2	NKC_085
81864.9	57772.0	51075.223	33303.0	50.140003	23003.04	80.99	116169.5	LCE123	N1	NKC_085
79705.8	63633.0	29620.75	21986.0	32.7	10880.34	50.73	116347.0	LCE123	O1	NKC_085
104875.195	77810.0	42555.78	28262.0	124.26	37388.098	54.29	116525.2	LCE123	O2	NKC_085
110337.3	74131.0	72034.836	42867.0	146.06	35663.28	91.67	116712.7	LCE123	O3	NKC_085
85540.5	63566.0	40711.5	29216.0	79.57	14053.56	15.13	116903.1	LCE123	O4	NKC_085
126213.3	76742.0	95020.75	57269.0	1254.5901	31.619999	146.84999	117373.3	LCE123	O5	NKC_085
107736.3	67466.0	84092.414	49622.0	1104.17	39.78	109.47	118302.2	LCE123	O6	NKC_085
92063.695	60539.0	56347.55	36768.0	1532.54	119.34	93.45	118677.7	LCE123	O7	NKC_085
115659.9	77392.0	85775.375	54843.0	754.28	204.0	125.49	119461.1	LCE123	O8	NKC_085
110896.195	70601.0	110655.71	54367.0	518.84	128.52	145.95999	119741.4	LCE123	O9	NKC_085
89847.0	64538.0	37894.94	27374.0	2427.4302	34.68	54.29	120082.1	LCE123	O10	NKC_085
101751.3	64028.0	104581.14	65189.0	501.40002	55.079998	107.689995	120998.8	LCE123	O11	NKC_085
122646.59	82224.0	65304.082	45146.0	1609.93	59.16	48.059998	122333.1	LCE123	O12	NKC_085
143073.0	92079.0	87016.88	54886.0	75.21	61.199997	74.76	122489.0	LCE123	O13	NKC_085
136794.6	74640.0	100566.67	57247.0	106.82	153.0	181.56	122679.1	LCE123	O14	NKC_085
117392.4	80442.0	107238.56	70175.0	154.78	57.12	97.9	122869.5	LCE123	O15	NKC_085
140045.39	87935.0	79742.22	46074.0	110.090004	57.12	101.46	123047.8	LCE123	O16	NKC_085
125945.09	78045.0	84253.734	51903.0	154.78	58.14	118.369995	123231.1	LCE123	O17	NKC_085
98268.3	69899.0	57559.633	42501.0	82.840004	45.899998	139.73	123426.1	LCE123	O18	NKC_085
153191.7	86704.0	91187.23	50858.0	127.53001	98.939995	211.81999	123612.7	LCE123	O19	NKC_085
155246.39	88072.0	93204.81	52107.0	69.76	84.659996	163.76	123816.2	LCE123	O20	NKC_085
76473.0	60291.0	48538.793	37203.0	620.21	19658.459	29.369999	123984.9	LCE123	O21	NKC_085
108873.0	73971.0	101284.984	70075.0	700.87	23535.48	110.36	124672.4	LCE123	O22	NKC_085
80415.9	63039.0	33754.03	25382.0	707.41003	9447.24	37.38	125308.5	LCE123	O23	NKC_085
148211.1	87219.0	105020.414	59449.0	531.92004	792.54	210.93	125803.3	LCE123	O24	NKC_085
89926.195	68830.0	34590.062	27123.0	44.690002	12402.18	36.489998	1416.4	LCE663	A3	NKC_084
85069.8	66571.0	44550.48	30954.0	88.29	25628.52	25.81	1594.3	LCE663	A4	NKC_084
105008.4	77902.0	50255.543	36639.0	63.22	10497.84	24.029999	1813.2	LCE663	A5	NKC_084
184960.8	89152.0	145330.8	72079.0	530.83	104.04	316.84	2084.3	LCE663	A6	NKC_084
183187.8	89062.0	166839.77	76495.0	515.57	137.7	258.99	2326.6	LCE663	A7	NKC_084
69442.195	55727.0	19884.871	14276.0	1209.9	89.759995	14.24	3782.6	LCE663	A8	NKC_084
105386.4	68495.0	95704.18	60030.0	497.04	119.34	124.6	4027.7	LCE663	A9	NKC_084
89255.695	68786.0	53278.113	35035.0	3093.4202	57.12	-73.869995	4859.0	LCE663	A10	NKC_084
138353.39	80831.0	110824.664	68003.0	812.05005	116.28	211.81999	5092.6	LCE663	A11	NKC_084
127104.3	81115.0	106678.305	68442.0	1844.28	146.88	153.97	5337.1	LCE663	A12	NKC_084
138777.3	87643.0	80386.414	44582.0	74.12	44.879997	134.39	5486.3	LCE663	A13	NKC_084
177597.0	95588.0	136739.42	74822.0	103.55	112.2	160.2	5673.1	LCE663	A14	NKC_084
152508.6	85140.0	125768.56	77150.0	106.82	71.4	189.56999	5853.6	LCE663	A15	NKC_084
101178.0	68598.0	90103.766	60719.0	82.840004	45.899998	88.11	6049.9	LCE663	A16	NKC_084
112703.4	65845.0	50674.1	31995.0	58.86	45.899998	114.81	6250.9	LCE663	A17	NKC_084
151871.39	86851.0	99739.36	55964.0	100.28001	76.5	173.55	6442.8	LCE663	A18	NKC_084
143774.1	87679.0	108361.266	71718.0	128.62001	96.9	180.67	6635.3	LCE663	A19	NKC_084
104865.3	65915.0	81797.96	52295.0	1411.55	1166.88	148.63	6823.5	LCE663	A20	NKC_084
69845.4	56099.0	21126.38	16567.0	1820.3	8524.14	41.829998	7015.7	LCE663	A21	NKC_084
102815.09	66546.0	57042.973	35191.0	1556.52	20304.12	70.31	7502.5	LCE663	A22	NKC_084
69963.3	58573.0	27351.371	23251.0	576.61005	10663.08	39.16	7676.6	LCE663	B22	NKC_084
88956.9	68385.0	27689.271	19934.0	1815.9401	24427.98	38.27	8192.7	LCE663	B21	NKC_084
174226.5	104484.0	149140.34	86091.0	564.62	762.95996	290.13998	8477.4	LCE663	B20	NKC_084
88489.8	61007.0	69023.164	47624.0	67.58	117.299995	40.94	8642.1	LCE663	B19	NKC_084
130766.4	76926.0	80055.055	50656.0	86.11	109.14	127.27	8832.6	LCE663	B18	NKC_084
162884.7	92966.0	89722.266	50202.0	106.82	48.96	362.22998	9037.4	LCE663	B17	NKC_084
163792.8	99596.0	85915.984	49615.0	112.270004	64.26	160.2	9211.5	LCE663	B16	NKC_084
133554.6	82847.0	76376.305	44461.0	95.920006	49.98	129.05	9394.7	LCE663	B15	NKC_084
128147.4	86610.0	92555.17	60991.0	138.43001	157.08	145.06999	9567.1	LCE663	B14	NKC_084
138890.7	87260.0	71593.38	43409.0	107.91	58.14	105.909996	9744.7	LCE663	B13	NKC_084
134995.5	74685.0	112660.23	65720.0	485.05002	9.18	145.95999	9904.3	LCE663	B12	NKC_084
84546.0	58237.0	53366.402	35103.0	1253.5	88.74	105.909996	10235.6	LCE663	B11	NKC_084
107108.09	70355.0	78421.14	50583.0	1375.5801	108.119995	97.01	10913.0	LCE663	B10	NKC_084
103750.195	72262.0	52211.0	38320.0	659.45	210.12	77.43	11255.3	LCE663	B9	NKC_084
71216.1	46782.0	68624.22	42263.0	512.3	142.8	115.7	11451.5	LCE663	B8	NKC_084
136405.8	71324.0	76464.59	39937.0	2490.6501	80.58	143.29	12645.4	LCE663	B7	NKC_084
105804.0	72395.0	85535.57	56143.0	838.21	89.759995	90.78	13450.1	LCE663	B6	NKC_084
94283.09	69406.0	49388.992	36203.0	78.48	22751.1	27.59	13615.2	LCE663	B5	NKC_084
99430.195	72521.0	39192.043	28551.0	70.85	11251.62	56.96	13794.0	LCE663	B4	NKC_084
94474.8	68927.0	44977.76	34407.0	86.11	8697.54	27.59	13973.2	LCE663	B3	NKC_084
117104.4	83663.0	48895.223	32406.0	74.12	22384.92	28.48	14163.5	LCE663	B2	NKC_084
121469.4	85116.0	56189.5	39526.0	195.11	56346.84	30.26	14358.0	LCE663	B1	NKC_084
128834.09	81736.0	67937.52	40515.0	134.07	46736.4	84.549995	14549.3	LCE663	C1	NKC_084
84334.5	65235.0	35973.27	28367.0	44.690002	14702.279	40.05	14729.8	LCE663	C2	NKC_084
95804.09	72380.0	54159.92	41320.0	122.08	36991.32	47.17	14930.4	LCE663	C3	NKC_084
89010.9	67394.0	40692.973	29141.0	118.810005	37595.16	55.18	15121.3	LCE663	C4	NKC_084
78768.9	60903.0	46815.5	35850.0	49.050003	11526.0	45.39	15316.5	LCE663	C5	NKC_084
148476.6	80447.0	113196.5	61631.0	669.26	144.84	181.56	15531.9	LCE663	C6	NKC_084
95348.695	71159.0	57801.613	39555.0	3544.6802	51.0	27.59	16561.7	LCE663	C7	NKC_084
113186.695	72463.0	65031.582	38358.0	1180.4701	55.079998	107.689995	16803.2	LCE663	C8	NKC_084
76014.0	58615.0	41556.25	27069.0	1444.25	12.24	58.739998	17787.6	LCE663	C9	NKC_084
99389.695	68639.0	50464.82	35422.0	955.93005	35.7	80.99	17985.8	LCE663	C10	NKC_084
129040.195	74748.0	103458.445	58816.0	2270.47	18.36	315.06	18564.2	LCE663	C11	NKC_084
114937.195	69027.0	115143.24	64652.0	1220.8	115.259995	153.08	18785.6	LCE663	C12	NKC_084
171589.5	90283.0	134635.72	73798.0	142.79001	108.119995	175.33	18950.2	LCE663	C13	NKC_084
163800.89	90380.0	109275.77	62110.0	110.090004	52.02	159.31	19118.9	LCE663	C14	NKC_084
87471.0	60420.0	65503.55	48586.0	82.840004	55.079998	122.82	19300.5	LCE663	C15	NKC_084
135088.2	87068.0	76641.17	47128.0	85.020004	63.239998	88.11	19501.8	LCE663	C16	NKC_084
127241.09	83299.0	62388.332	37343.0	63.22	40.8	93.45	19687.8	LCE663	C17	NKC_084
137205.0	82018.0	102771.74	60070.0	109.0	73.44	192.23999	19894.4	LCE663	C18	NKC_084
158696.1	94736.0	85764.47	49948.0	55.59	41.82	130.83	20074.0	LCE663	C19	NKC_084
73737.9	59073.0	32195.33	26494.0	3466.2002	1790.1	29.369999	20317.5	LCE663	C20	NKC_084
70680.6	57904.0	26787.84	19573.0	5125.18	2808.06	10.68	20511.6	LCE663	C21	NKC_084
129002.4	82202.0	93268.03	56891.0	576.61005	1099.5599	190.45999	20915.3	LCE663	C22	NKC_084
72729.9	60350.0	25370.84	20527.0	1333.0701	5821.1396	33.82	21135.0	LCE663	C23	NKC_084
62123.4	52561.0	25260.75	19787.0	1160.85	1942.08	18.69	21358.4	LCE663	B23	NKC_084
73410.3	59535.0	26283.17	19662.0	1454.06	3592.44	45.39	21776.3	LCE663	B24	NKC_084
74903.4	60608.0	24565.33	19906.0	2188.72	8861.76	17.8	21975.1	LCE663	C24	NKC_084
95287.5	71862.0	38588.18	28830.0	791.34	14413.62	64.08	22448.5	LCE663	D24	NKC_084
71901.0	58833.0	28990.73	22921.0	1011.52	5772.1797	37.38	22652.6	LCE663	D23	NKC_084
83684.695	65162.0	30469.861	23367.0	1754.9	5681.4	17.8	23346.2	LCE663	D22	NKC_084
75277.8	60063.0	27453.83	19366.0	1457.3301	8035.56	17.8	24007.7	LCE663	D21	NKC_084
59631.297	49784.0	26001.951	21503.0	3150.1	1455.5399	18.69	24240.4	LCE663	D20	NKC_084
144968.39	88133.0	75418.195	40371.0	134.07	92.82	98.79	24416.3	LCE663	D19	NKC_084
147412.8	86454.0	115946.57	62867.0	132.98001	79.56	156.64	24594.3	LCE663	D18	NKC_084
119702.695	74540.0	75894.52	45366.0	62.13	59.16	70.31	24785.5	LCE663	D17	NKC_084
153240.3	92188.0	81760.91	43925.0	112.270004	58.14	152.19	24965.9	LCE663	D16	NKC_084
160504.2	85604.0	75691.78	36347.0	92.65	64.26	81.88	25164.7	LCE663	D15	NKC_084
161298.0	80659.0	174435.97	76131.0	175.49	99.96	361.34	25354.0	LCE663	D14	NKC_084
142400.7	83365.0	104974.63	58483.0	127.53001	68.34	187.79	25537.2	LCE663	D13	NKC_084
102546.0	71897.0	75117.35	55899.0	1080.1901	65.28	73.869995	25894.5	LCE663	D12	NKC_084
100463.4	62921.0	105305.99	63979.0	522.11005	65.28	184.23	26490.8	LCE663	D11	NKC_084
112153.5	66793.0	98240.61	56698.0	975.55005	118.32	232.29	26719.0	LCE663	D10	NKC_084
111680.09	70533.0	77548.055	48766.0	3360.4702	89.759995	103.24	26973.5	LCE663	D9	NKC_084
115560.0	78096.0	74556.0	46186.0	1468.2301	110.159996	89.0	27179.5	LCE663	D8	NKC_084
117027.9	72761.0	78130.11	49674.0	471.97	75.479996	89.0	27418.5	LCE663	D7	NKC_084
124069.5	81182.0	70487.03	43445.0	689.97003	24.48	160.2	27911.7	LCE663	D6	NKC_084
76294.8	62978.0	35718.21	29147.0	43.600002	11465.819	45.39	28076.9	LCE663	D5	NKC_084
84029.4	64598.0	41107.17	29714.0	86.11	20079.719	31.15	28279.8	LCE663	D4	NKC_084
92528.09	69154.0	40439.0	28503.0	99.19	24430.02	36.489998	28461.0	LCE663	D3	NKC_084
94567.5	69394.0	38616.52	26804.0	100.28001	26378.219	36.489998	28649.0	LCE663	D2	NKC_084
91395.9	69314.0	37730.35	26615.0	105.73	27260.52	52.51	28851.7	LCE663	D1	NKC_084
92186.09	70039.0	41536.633	30906.0	81.75	25148.1	-80.1	29038.1	LCE663	E1	NKC_084
115524.0	81092.0	53130.96	39214.0	70.85	15765.12	23.14	29238.4	LCE663	E2	NKC_084
101268.0	73399.0	45443.19	32839.0	77.39	16973.82	29.369999	29435.1	LCE663	E3	NKC_084
111529.8	77388.0	49163.363	31342.0	89.380005	24488.16	62.3	29622.8	LCE663	E4	NKC_084
97506.9	70772.0	33720.242	26651.0	49.050003	10356.06	29.369999	29813.4	LCE663	E5	NKC_084
87930.0	67402.0	49642.96	33740.0	742.29004	21.42	46.28	30443.3	LCE663	E6	NKC_084
91385.09	60242.0	75825.85	51351.0	2084.08	36.72	118.369995	30706.0	LCE663	E7	NKC_084
126492.3	75488.0	97701.06	58226.0	654.0	86.7	186.9	30951.7	LCE663	E8	NKC_084
98175.59	70173.0	64041.863	44115.0	4327.3003	36.72	67.64	31164.3	LCE663	E9	NKC_084
81036.9	56515.0	79821.79	52618.0	565.71	59.16	78.32	31639.9	LCE663	E10	NKC_084
126577.8	76795.0	68545.74	42164.0	1189.1901	69.36	115.7	32232.7	LCE663	E11	NKC_084
108864.9	70499.0	85003.66	50261.0	506.85	184.62	187.79	32438.7	LCE663	E12	NKC_084
149985.0	88168.0	117808.3	73099.0	154.78	131.58	278.57	32611.0	LCE663	E13	NKC_084
151704.89	88574.0	104394.75	65803.0	100.28001	55.079998	137.06	32801.8	LCE663	E14	NKC_084
143550.0	79450.0	98625.38	56668.0	76.3	84.659996	118.369995	32981.4	LCE663	E15	NKC_084
171714.6	92824.0	114733.41	53511.0	122.08	76.5	184.23	33163.8	LCE663	E16	NKC_084
157962.6	83290.0	115653.37	67660.0	199.47	81.6	169.09999	33368.8	LCE663	E17	NKC_084
129199.5	85265.0	73486.71	47155.0	62.13	70.38	110.36	33546.3	LCE663	E18	NKC_084
168067.8	97500.0	149067.31	79999.0	160.23001	108.119995	218.94	33740.8	LCE663	E19	NKC_084
66924.0	56424.0	20526.88	16935.0	1957.64	1546.32	17.8	34042.9	LCE663	E20	NKC_084
80386.195	62718.0	28714.96	21207.0	732.48004	6347.46	28.48	34397.6	LCE663	E21	NKC_084
137431.8	75311.0	129156.28	61699.0	5476.16	824.16	152.19	34698.4	LCE663	E22	NKC_084
80302.5	63761.0	40607.953	30423.0	2713.01	9380.939	38.27	35415.7	LCE663	E23	NKC_084
95581.8	70260.0	35264.77	24415.0	1024.6	13778.16	27.59	35757.7	LCE663	E24	NKC_084
161591.39	80133.0	87709.03	42151.0	1195.73	1596.2999	85.44	36284.5	LCE663	F24	NKC_084
65613.6	54703.0	26492.451	21329.0	4114.75	3040.6199	23.14	36554.0	LCE663	F23	NKC_084
85655.695	64633.0	30027.32	21428.0	7782.6	3807.66	32.04	37032.2	LCE663	F22	NKC_084
68364.9	53304.0	26022.66	21002.0	1904.2301	1036.32	13.349999	37377.0	LCE663	F21	NKC_084
81412.195	63603.0	40639.562	31099.0	2587.6602	12887.7	26.699999	37796.4	LCE663	F20	NKC_084
133679.7	79242.0	149192.67	86824.0	89.380005	109.14	167.31999	37976.7	LCE663	F19	NKC_084
170360.1	98098.0	116213.625	65126.0	119.9	68.34	138.84	38155.9	LCE663	F18	NKC_084
166443.3	92283.0	115180.305	72711.0	195.11	134.64	173.55	38349.3	LCE663	F17	NKC_084
176017.5	92147.0	105506.555	61678.0	144.97	64.26	121.93	38539.0	LCE663	F16	NKC_084
117054.9	80894.0	63310.473	42415.0	61.04	61.199997	71.2	38735.8	LCE663	F15	NKC_084
168825.6	99182.0	111855.805	61446.0	128.62001	47.94	138.84	38920.6	LCE663	F14	NKC_084
138800.7	86126.0	75366.96	48053.0	76.3	54.059998	65.86	39109.6	LCE663	F13	NKC_084
115324.195	78031.0	139463.33	98590.0	21579.82	55.079998	69.42	39332.3	LCE663	F12	NKC_084
86412.6	63283.0	66390.81	44946.0	3531.6	17.34	76.54	39550.0	LCE663	F11	NKC_084
126203.4	80850.0	64978.17	37790.0	2641.07	84.659996	82.77	39768.2	LCE663	F10	NKC_084
121814.09	82702.0	74829.59	46786.0	1224.0701	116.28	90.78	40132.4	LCE663	F9	NKC_084
96649.195	70466.0	54501.09	37555.0	521.02	27.539999	61.41	40777.2	LCE663	F8	NKC_084
101079.9	64921.0	96278.61	62033.0	777.17004	138.72	210.93	41118.6	LCE663	F7	NKC_084
200782.8	98201.0	186729.0	74744.0	703.05005	187.68	482.38	41618.3	LCE663	F6	NKC_084
62500.5	52532.0	23040.42	18635.0	68.670006	13344.66	-17.8	41798.4	LCE663	F5	NKC_084
113797.8	80532.0	52594.68	36802.0	139.52	41410.98	43.61	41984.3	LCE663	F4	NKC_084
90948.59	68047.0	45754.93	31361.0	107.91	29694.24	70.31	42184.7	LCE663	F3	NKC_084
79730.1	61083.0	32002.4	23319.0	82.840004	10288.74	20.47	42367.8	LCE663	F2	NKC_084
75957.3	61159.0	27555.201	21208.0	56.68	11457.66	46.28	42575.4	LCE663	F1	NKC_084
102375.0	77318.0	49253.832	38044.0	97.01	21838.2	49.84	42764.4	LCE663	G1	NKC_084
78144.3	61703.0	30650.8	22655.0	54.5	14292.239	35.6	42955.5	LCE663	G2	NKC_084
114843.59	78903.0	54042.203	36933.0	82.840004	25961.04	74.76	43156.6	LCE663	G3	NKC_084
120186.9	79099.0	56084.863	33999.0	130.8	45344.098	49.84	43337.2	LCE663	G4	NKC_084
80091.0	61563.0	49339.94	38454.0	132.98001	32277.898	41.829998	43517.9	LCE663	G5	NKC_084
100088.09	67291.0	83222.59	56979.0	475.24002	155.04	167.31999	43786.1	LCE663	G6	NKC_084
101892.59	73495.0	65388.01	44754.0	4464.64	43.86	80.1	43964.7	LCE663	G7	NKC_084
128460.59	77951.0	103862.836	65118.0	526.47003	128.52	222.5	44777.4	LCE663	G8	NKC_084
149214.6	84440.0	127416.64	70530.0	798.97003	145.86	154.86	46439.4	LCE663	G9	NKC_084
101833.195	68263.0	90101.586	58879.0	872.0	55.079998	135.28	46856.6	LCE663	G10	NKC_084
82544.4	55520.0	75509.75	54284.0	1519.4601	32.64	92.56	47670.9	LCE663	G11	NKC_084
160253.1	88154.0	91732.23	42867.0	1252.41	117.299995	123.71	48091.7	LCE663	G12	NKC_084
101662.195	63166.0	81368.5	51030.0	95.920006	48.96	125.49	48255.4	LCE663	G13	NKC_084
142731.89	89045.0	105085.81	63994.0	132.98001	72.42	186.9	48435.8	LCE663	G14	NKC_084
76455.9	63519.0	40175.223	33248.0	85.020004	51.0	59.629997	48616.1	LCE663	G15	NKC_084
112210.195	79769.0	60980.05	43629.0	64.310005	68.34	55.18	48794.9	LCE663	G16	NKC_084
147938.39	88336.0	111910.305	70129.0	93.740005	115.259995	183.34	48980.1	LCE663	G17	NKC_084
147436.2	90523.0	88581.03	56179.0	76.3	127.5	65.86	49159.1	LCE663	G18	NKC_084
126852.3	80598.0	112562.125	72078.0	163.5	48.96	177.11	49350.8	LCE663	G19	NKC_084
72599.4	58616.0	23414.291	18343.0	2476.48	880.26	28.48	49517.8	LCE663	G20	NKC_084
71315.1	57887.0	28067.5	21938.0	1037.68	979.19995	35.6	49909.8	LCE663	G21	NKC_084
68802.3	56902.0	27681.64	22939.0	3367.01	741.54	19.58	50157.4	LCE663	G22	NKC_084
66438.9	54423.0	22152.07	17025.0	4316.4	2808.06	29.369999	50341.0	LCE663	G23	NKC_084
75135.6	59860.0	26060.81	20300.0	1567.42	1409.64	35.6	50593.3	LCE663	G24	NKC_084
125086.5	69585.0	117665.5	64698.0	1190.28	1827.84	285.69	50778.3	LCE663	H24	NKC_084
83249.1	65662.0	42803.21	30885.0	626.75	9295.26	34.71	50986.8	LCE663	H23	NKC_084
69476.4	51417.0	30422.99	19758.0	790.25	10439.7	37.38	51295.4	LCE663	H22	NKC_084
74385.9	59909.0	30029.5	23183.0	4685.91	2287.8599	27.59	51633.0	LCE663	H21	NKC_084
90027.9	68338.0	44264.902	31130.0	1164.12	16918.74	-8.9	51920.3	LCE663	H20	NKC_084
132624.89	81458.0	91828.14	40807.0	104.64	119.34	258.99	52072.8	LCE663	H19	NKC_084
153099.0	87646.0	103075.85	53386.0	159.14	31.619999	213.59999	52258.3	LCE663	H18	NKC_084
155472.3	89061.0	113664.12	69402.0	141.7	65.28	292.81	52428.3	LCE663	H17	NKC_084
130401.9	86592.0	68229.64	47130.0	73.03	48.96	105.909996	52614.3	LCE663	H16	NKC_084
140660.1	86149.0	108440.836	68542.0	146.06	70.38	297.26	52816.3	LCE663	H15	NKC_084
149750.1	88931.0	91029.17	55050.0	111.18	70.38	178.89	52989.9	LCE663	H14	NKC_084
183734.1	89058.0	119368.086	63852.0	214.73001	106.08	229.62	53170.4	LCE663	H13	NKC_084
125094.59	69712.0	117774.5	70541.0	1025.6901	127.5	184.23	54009.1	LCE663	H12	NKC_084
78704.1	61077.0	52893.34	40074.0	664.9	133.62	75.65	55413.1	LCE663	H11	NKC_084
116958.59	70399.0	102675.82	58113.0	1057.3	106.08	186.01	55640.9	LCE663	H10	NKC_084
116898.3	75982.0	100240.766	56998.0	521.02	78.54	178.0	56389.1	LCE663	H9	NKC_084
105894.0	70192.0	109831.67	72179.0	490.5	61.199997	119.259995	57683.2	LCE663	H8	NKC_084
98816.4	60940.0	88494.92	56722.0	1527.0901	24.48	103.24	58287.4	LCE663	H7	NKC_084
86183.1	56186.0	100408.625	60292.0	1180.4701	174.42	184.23	58501.8	LCE663	H6	NKC_084
101257.195	74688.0	46375.14	30947.0	81.75	26785.2	25.81	58648.5	LCE663	H5	NKC_084
66501.0	48962.0	60889.582	41851.0	55.59	8500.68	29.369999	58831.7	LCE663	H4	NKC_084
105146.09	74240.0	52002.812	33809.0	126.44	32566.559	41.829998	59033.9	LCE663	H3	NKC_084
85540.5	67016.0	30524.361	22055.0	135.16	12476.64	21.36	59197.6	LCE663	H2	NKC_084
91011.59	64901.0	39263.98	28690.0	125.350006	36416.04	3.56	59384.8	LCE663	H1	NKC_084
86652.0	66898.0	39862.39	27580.0	58.86	24624.84	43.61	59583.1	LCE663	I1	NKC_084
89157.59	70595.0	39417.67	28972.0	66.490005	20243.94	29.369999	59769.9	LCE663	I2	NKC_084
97816.5	74304.0	50727.51	34427.0	90.47	27809.28	40.94	59962.7	LCE663	I3	NKC_084
88062.3	67838.0	33854.312	25031.0	78.48	16265.939	-26.699999	60157.3	LCE663	I4	NKC_084
85384.8	64304.0	40383.41	27035.0	82.840004	19775.76	41.829998	60360.0	LCE663	I5	NKC_084
103585.5	63704.0	101665.39	60882.0	1794.14	80.58	121.04	61272.8	LCE663	I6	NKC_084
202589.1	99950.0	167771.72	87822.0	490.5	75.479996	324.85	61811.3	LCE663	I7	NKC_084
140329.8	88746.0	91174.14	54488.0	2085.1702	64.26	180.67	62033.7	LCE663	I8	NKC_084
106253.09	76279.0	86513.305	57147.0	558.08	133.62	88.11	62324.8	LCE663	I9	NKC_084
99812.695	73102.0	58104.633	37410.0	1954.3701	49.98	118.369995	62596.9	LCE663	I10	NKC_084
116735.4	61659.0	85147.53	45298.0	632.2	181.56	149.52	63316.2	LCE663	I11	NKC_084
124819.195	78588.0	106149.66	63194.0	594.05	76.5	122.82	63530.6	LCE663	I12	NKC_084
156034.8	91646.0	176791.47	95283.0	103.55	54.059998	127.27	63684.5	LCE663	I13	NKC_084
138816.0	90891.0	84980.766	55526.0	104.64	100.979996	93.45	63867.6	LCE663	I14	NKC_084
125898.3	77268.0	70609.11	42791.0	118.810005	55.079998	100.57	64059.7	LCE663	I15	NKC_084
136179.89	84824.0	80716.68	51499.0	103.55	61.199997	145.06999	64227.3	LCE663	I16	NKC_084
159520.5	85964.0	114887.09	66934.0	119.9	52.02	101.46	64413.0	LCE663	I17	NKC_084
104331.59	75202.0	57008.09	41164.0	64.310005	54.059998	106.799995	64601.7	LCE663	I18	NKC_084
124621.195	80094.0	65914.484	38043.0	136.25	112.2	76.54	64769.8	LCE663	I19	NKC_084
79191.9	64013.0	30021.871	22930.0	4365.45	4009.6199	35.6	64983.9	LCE663	I20	NKC_084
74025.9	59727.0	26138.201	19772.0	660.54004	6486.1797	13.349999	65508.2	LCE663	I21	NKC_084
76904.1	61364.0	28428.291	21747.0	2400.1802	2944.74	40.05	65907.3	LCE663	I22	NKC_084
78592.5	60443.0	31158.74	23790.0	649.64	7828.5	13.349999	66131.7	LCE663	I23	NKC_084
66264.3	54685.0	19331.15	14939.0	672.53	8341.56	26.699999	66397.1	LCE663	I24	NKC_084
73879.195	59931.0	27817.89	21951.0	761.91003	4728.7197	29.369999	66852.8	LCE663	J24	NKC_084
84291.3	66844.0	40635.203	30579.0	803.33	7966.1997	28.48	67391.1	LCE663	J23	NKC_084
77517.0	60149.0	37882.95	28931.0	923.23004	19053.6	31.15	67960.4	LCE663	J22	NKC_084
90169.195	70858.0	46113.543	31714.0	1461.6901	5270.34	34.71	68371.1	LCE663	J21	NKC_084
87668.1	66705.0	40427.01	28258.0	3941.4402	8901.54	28.48	68820.4	LCE663	J20	NKC_084
137949.3	89228.0	64797.23	36162.0	126.44	54.059998	77.43	68983.5	LCE663	J19	NKC_084
150105.6	88438.0	70620.016	44111.0	62.13	89.759995	95.229996	69151.1	LCE663	J18	NKC_084
163631.7	96337.0	185744.72	96388.0	206.01001	125.46	344.43	69345.9	LCE663	J17	NKC_084
107925.3	73741.0	64074.562	39842.0	97.01	66.299995	92.56	69520.5	LCE663	J16	NKC_084
222324.3	107046.0	153908.0	83396.0	124.26	119.34	287.47	69711.6	LCE663	J15	NKC_084
124137.0	72791.0	96939.16	51807.0	95.920006	89.759995	90.78	69908.9	LCE663	J14	NKC_084
184958.1	102267.0	153763.03	82558.0	134.07	122.399994	201.14	70098.6	LCE663	J13	NKC_084
94658.4	68637.0	69841.75	44041.0	3900.02	27.539999	-120.15	70904.9	LCE663	J12	NKC_084
133229.7	82040.0	70176.38	39306.0	1467.14	52.02	93.45	71139.1	LCE663	J11	NKC_084
75105.0	60735.0	31807.291	24878.0	4242.2803	122.399994	23.14	71526.5	LCE663	J10	NKC_084
93909.59	58836.0	80316.66	54182.0	529.74	-19.38	90.78	72206.9	LCE663	J9	NKC_084
80236.8	64725.0	34369.883	25111.0	5170.96	85.68	18.69	72724.9	LCE663	J8	NKC_084
143277.3	85589.0	96190.32	60734.0	2363.12	190.73999	83.659996	73649.7	LCE663	J7	NKC_084
196582.5	101425.0	180889.86	81042.0	549.36005	121.38	172.66	73929.9	LCE663	J6	NKC_084
91845.9	67540.0	45700.43	32534.0	77.39	20882.459	56.96	74091.1	LCE663	J5	NKC_084
128802.59	79802.0	64041.863	41023.0	220.18001	67273.08	84.549995	74278.5	LCE663	J4	NKC_084
69019.195	55019.0	33427.03	25070.0	70.85	26514.9	20.47	74456.9	LCE663	J3	NKC_084
101617.195	67805.0	41192.19	28033.0	103.55	18790.44	36.489998	74632.4	LCE663	J2	NKC_084
114770.695	72857.0	65199.44	42943.0	115.54	29645.28	49.84	74816.6	LCE663	J1	NKC_084
89341.195	67119.0	39103.75	24300.0	51.230003	14706.359	63.19	75023.0	LCE663	K1	NKC_084
112097.695	77087.0	57705.69	39388.0	120.990005	30514.32	34.71	75251.5	LCE663	K2	NKC_084
107359.195	73500.0	48039.57	29774.0	81.75	24647.28	56.96	75455.5	LCE663	K3	NKC_084
103829.4	75036.0	61912.0	41953.0	117.72	34052.7	44.5	75629.9	LCE663	K4	NKC_084
86618.695	67756.0	34981.37	25203.0	92.65	30250.139	31.15	75807.3	LCE663	K5	NKC_084
107155.8	70311.0	62619.41	40090.0	1205.54	70.38	92.56	76145.7	LCE663	K6	NKC_084
101498.4	73383.0	62738.223	39486.0	3204.6	60.18	107.689995	76395.2	LCE663	K7	NKC_084
101291.4	71734.0	63329.0	39738.0	1590.31	33.66	62.3	76694.2	LCE663	K8	NKC_084
132482.7	69817.0	153746.69	80050.0	559.17004	85.68	257.21	77708.7	LCE663	K9	NKC_084
93770.09	63637.0	60366.383	42887.0	1869.3501	83.64	8.9	78032.7	LCE663	K10	NKC_084
111711.59	71262.0	73837.695	46649.0	1112.89	146.88	107.689995	78342.5	LCE663	K11	NKC_084
94702.5	63383.0	67457.92	44244.0	794.61005	31.619999	90.78	78692.5	LCE663	K12	NKC_084
124989.3	68475.0	102783.734	50609.0	75.21	52.02	19.58	78846.5	LCE663	K13	NKC_084
118240.195	81301.0	59200.082	39501.0	63.22	43.86	113.92	79038.0	LCE663	K14	NKC_084
151605.0	91009.0	77885.95	45007.0	85.020004	39.78	94.34	79227.9	LCE663	K15	NKC_084
151254.89	91430.0	110517.28	64418.0	103.55	122.399994	-48.95	79422.4	LCE663	K16	NKC_084
188248.5	92052.0	110196.82	49463.0	216.91	92.82	331.08	79618.8	LCE663	K17	NKC_084
135709.2	81667.0	156728.92	97542.0	116.630005	62.219997	148.63	79814.3	LCE663	K18	NKC_084
161392.5	94765.0	96723.336	60098.0	76.3	76.5	186.9	79999.3	LCE663	K19	NKC_084
59930.098	50784.0	23018.621	19096.0	5113.19	1681.98	29.369999	80927.2	LCE663	K20	NKC_084
190253.69	100378.0	127732.74	66339.0	967.92004	1788.0599	305.27	81462.8	LCE663	K21	NKC_084
76635.0	60741.0	26193.791	18874.0	1195.73	9422.76	37.38	81716.8	LCE663	K22	NKC_084
75200.4	58666.0	32280.352	22375.0	1045.31	3281.3398	44.5	81980.8	LCE663	K23	NKC_084
69642.9	55804.0	28733.49	22055.0	2098.25	1190.34	32.93	82331.9	LCE663	K24	NKC_084
68876.1	55928.0	21669.201	16203.0	863.28	2857.02	11.57	82575.3	LCE663	L24	NKC_084
74450.695	58210.0	20319.781	15051.0	1063.8401	5908.86	16.91	82813.3	LCE663	L23	NKC_084
70124.4	57916.0	25223.691	20175.0	1176.11	4310.52	8.01	83024.2	LCE663	L22	NKC_084
105145.195	62467.0	94005.96	56669.0	481.78003	1311.72	249.2	83279.6	LCE663	L21	NKC_084
73247.4	58843.0	30000.07	22568.0	659.45	10597.8	36.489998	83708.1	LCE663	L20	NKC_084
63708.297	53014.0	28697.521	23273.0	55.59	53.04	23.14	83863.8	LCE663	L19	NKC_084
152421.3	87281.0	103430.1	64391.0	164.59001	32.64	143.29	84056.2	LCE663	L18	NKC_084
134752.5	84480.0	73693.81	43181.0	107.91	68.34	95.229996	84266.6	LCE663	L17	NKC_084
189831.6	99093.0	139027.33	71571.0	179.85	159.12	127.27	84443.5	LCE663	L16	NKC_084
153868.5	92328.0	115109.45	71550.0	111.18	158.09999	123.71	84623.0	LCE663	L15	NKC_084
148293.89	88968.0	97294.49	60875.0	142.79001	35.7	115.7	84817.0	LCE663	L14	NKC_084
126855.9	83816.0	94880.14	55315.0	98.100006	46.92	138.84	85013.9	LCE663	L13	NKC_084
96163.195	64386.0	75279.766	45794.0	1370.13	30.599998	100.57	85919.0	LCE663	L12	NKC_084
74268.0	59281.0	23585.42	17858.0	2074.27	21.42	21.36	87738.5	LCE663	L11	NKC_084
87547.5	58091.0	100949.266	61699.0	718.31	199.92	157.53	87980.9	LCE663	L10	NKC_084
97444.8	61236.0	91555.64	57786.0	633.29004	56.1	161.09	88405.1	LCE663	L9	NKC_084
79703.1	61787.0	40673.35	28258.0	5804.25	11.219999	41.829998	88690.9	LCE663	L8	NKC_084
151674.3	89930.0	81668.25	50730.0	590.78	104.04	85.44	88921.4	LCE663	L7	NKC_084
124091.09	74605.0	105872.8	58423.0	1129.24	212.16	224.28	89706.3	LCE663	L6	NKC_084
154602.0	80742.0	58166.76	29903.0	131.89	42393.24	46.28	89869.5	LCE663	L5	NKC_084
106239.59	74166.0	41517.01	24378.0	114.450005	32334.0	45.39	90065.3	LCE663	L4	NKC_084
71645.4	59707.0	21137.281	16094.0	167.86	10529.46	47.17	90245.6	LCE663	L3	NKC_084
94612.5	70829.0	41114.8	29522.0	110.090004	20373.48	17.8	90442.9	LCE663	L2	NKC_084
95412.59	57103.0	79029.36	53122.0	120.990005	39775.918	51.62	90639.7	LCE663	L1	NKC_084
114223.5	76566.0	37712.91	24535.0	120.990005	30639.78	56.96	90818.2	LCE663	M1	NKC_084
79812.9	62955.0	29980.451	21547.0	38.15	11260.8	24.92	91016.1	LCE663	M2	NKC_084
63235.797	50700.0	34847.3	25547.0	71.94	11082.3	33.82	91213.9	LCE663	M3	NKC_084
95488.195	67027.0	28671.361	19151.0	79.57	21084.42	40.94	91409.5	LCE663	M4	NKC_084
85149.0	62325.0	46315.19	32405.0	66.490005	8096.76	105.02	91621.8	LCE663	M5	NKC_084
122917.5	75344.0	126113.0	73645.0	2883.05	157.08	194.02	91806.7	LCE663	M6	NKC_084
122427.0	80254.0	65007.6	40008.0	478.51	137.7	74.76	92052.2	LCE663	M7	NKC_084
101819.695	76167.0	48212.883	31333.0	626.75	58.14	86.33	92342.5	LCE663	M8	NKC_084
112850.09	73971.0	59720.01	38130.0	3212.23	20.4	105.909996	92954.6	LCE663	M9	NKC_084
118634.4	77162.0	70270.125	44563.0	477.42	24.48	103.24	93541.2	LCE663	M10	NKC_084
117688.5	67003.0	97073.23	52729.0	1008.25006	96.9	202.03	94445.3	LCE663	M11	NKC_084
129861.9	78926.0	91348.54	51214.0	911.24005	209.09999	235.84999	94730.0	LCE663	M12	NKC_084
156114.0	88431.0	118416.516	68338.0	103.55	82.619995	169.98999	94900.3	LCE663	M13	NKC_084
122184.0	64542.0	107022.74	42470.0	115.54	80.58	268.78	95091.5	LCE663	M14	NKC_084
107290.8	76190.0	91607.96	68842.0	100.28001	39.78	150.41	95279.5	LCE663	M15	NKC_084
153683.1	102537.0	100071.81	69222.0	94.83	150.95999	155.75	95477.5	LCE663	M16	NKC_084
209433.6	106118.0	146695.47	70733.0	180.94	77.52	477.93	95658.1	LCE663	M17	NKC_084
100865.695	56364.0	66091.06	34550.0	107.91	38.76	121.04	95832.4	LCE663	M18	NKC_084
204246.0	97560.0	189723.22	109883.0	159.14	112.2	249.2	96032.0	LCE663	M19	NKC_084
71940.6	59352.0	29997.89	23595.0	4158.35	1960.44	17.8	96256.8	LCE663	M20	NKC_084
72584.1	58943.0	23946.21	18704.0	3050.9102	9878.7	22.25	96521.0	LCE663	M21	NKC_084
79990.195	59162.0	29052.861	21311.0	3097.78	4423.7397	9.79	97285.0	LCE663	M22	NKC_084
72183.6	58922.0	29083.38	23551.0	1760.3501	10763.04	32.04	97468.6	LCE663	M23	NKC_084
80111.695	65307.0	30934.201	24673.0	1015.88	7477.6196	44.5	97821.7	LCE663	M24	NKC_084
75809.695	60984.0	28657.191	22234.0	918.87006	16896.299	23.14	98079.1	LCE663	N24	NKC_084
72388.8	58790.0	28143.8	23322.0	761.91003	13198.8	34.71	98383.1	LCE663	N23	NKC_084
77923.8	62843.0	27981.39	20434.0	4600.89	2559.18	30.26	98783.2	LCE663	N22	NKC_084
94665.59	71197.0	37110.14	26011.0	1772.3401	11513.76	33.82	99105.8	LCE663	N21	NKC_084
138354.3	80651.0	89882.49	49051.0	64.310005	87.72	105.909996	99262.3	LCE663	N20	NKC_084
150057.89	90318.0	89132.57	54879.0	61.04	109.14	120.15	99454.1	LCE663	N19	NKC_084
192362.39	94945.0	75898.88	38931.0	101.37	176.45999	122.82	99643.5	LCE663	N18	NKC_084
122478.3	82903.0	62502.78	43035.0	140.61	45.899998	226.95	99834.4	LCE663	N17	NKC_084
156339.89	88770.0	142929.53	77503.0	79.57	58.14	258.99	100031.0	LCE663	N16	NKC_084
113214.59	81904.0	55055.902	39996.0	75.21	43.86	63.19	100227.9	LCE663	N15	NKC_084
187412.39	103100.0	90524.5	50147.0	143.88	108.119995	105.02	100407.5	LCE663	N14	NKC_084
180567.89	87061.0	147197.97	54554.0	198.38	66.299995	121.04	100607.5	LCE663	N13	NKC_084
101900.695	65434.0	73499.79	47055.0	1016.97003	115.259995	122.82	102326.0	LCE663	N12	NKC_084
111347.09	76334.0	64826.66	41910.0	1139.05	200.94	79.21	103277.5	LCE663	N11	NKC_084
123372.9	78676.0	93186.28	58187.0	4520.23	102.0	153.97	103512.8	LCE663	N10	NKC_084
139034.7	83106.0	94618.54	50694.0	500.31003	176.45999	253.65	103916.2	LCE663	N9	NKC_084
85653.9	61195.0	80661.09	56427.0	4352.37	56.1	74.76	104452.8	LCE663	N8	NKC_084
111739.5	69807.0	97986.64	62218.0	574.43	53.04	177.11	106180.9	LCE663	N7	NKC_084
71938.8	51110.0	81291.11	62295.0	18298.92	44.879997	30.26	106959.6	LCE663	N6	NKC_084
108137.695	72235.0	66824.63	48599.0	685.61005	66.299995	168.20999	107677.9	LCE663	N5	NKC_084
98042.4	69645.0	48756.793	30688.0	75.21	35370.54	59.629997	107984.9	LCE663	N3	NKC_084
81797.4	63957.0	51960.3	40783.0	92.65	25307.219	24.92	108168.3	LCE663	N2	NKC_084
87462.0	60879.0	49030.383	33758.0	130.8	35625.54	-114.81	108358.9	LCE663	N1	NKC_084
107136.9	73560.0	37272.55	24830.0	142.79001	41824.08	31.15	108559.2	LCE663	O1	NKC_084
74485.8	57602.0	35830.48	26325.0	62.13	20220.48	4.45	108741.6	LCE663	O2	NKC_084
109350.0	69444.0	51450.18	31599.0	107.91	34115.938	33.82	108929.4	LCE663	O3	NKC_084
80101.8	62027.0	34549.73	27387.0	92.65	17858.16	10.68	109118.7	LCE663	O4	NKC_084
108041.4	67950.0	125296.59	82863.0	19497.92	31.619999	49.84	109359.8	LCE663	O5	NKC_084
139499.1	89991.0	75820.4	46658.0	1545.62	69.36	128.16	109645.2	LCE663	O6	NKC_084
186918.3	92691.0	139728.19	67214.0	524.29004	96.9	508.19	109884.0	LCE663	O7	NKC_084
123612.3	80254.0	95117.766	60085.0	3156.6401	85.68	128.16	110904.4	LCE663	O8	NKC_084
68534.1	56724.0	24174.021	19163.0	3808.4602	23.46	8.9	111594.9	LCE663	O9	NKC_084
94655.695	63120.0	100446.77	68010.0	1690.5901	194.81999	102.35	111908.9	LCE663	O10	NKC_084
104563.8	69411.0	83123.41	53699.0	794.61005	184.62	185.12	112104.9	LCE663	O11	NKC_084
118274.4	74830.0	60759.87	36247.0	3142.4702	72.42	115.7	112897.5	LCE663	O12	NKC_084
162187.2	90595.0	148160.44	78041.0	114.450005	111.18	214.48999	113082.6	LCE663	O13	NKC_084
118020.59	81825.0	41551.89	28793.0	95.920006	71.4	141.51	113257.9	LCE663	O14	NKC_084
101227.5	54179.0	85727.414	50618.0	164.59001	64.26	199.36	113460.9	LCE663	O15	NKC_084
167959.8	92077.0	164758.95	75699.0	124.26	105.06	142.4	113641.0	LCE663	O16	NKC_084
128937.59	85633.0	77563.31	49242.0	94.83	67.32	95.229996	113841.1	LCE663	O17	NKC_084
145418.39	87681.0	120260.8	76446.0	77.39	52.02	169.98999	114028.4	LCE663	O18	NKC_084
167032.8	88130.0	120059.14	65992.0	132.98001	59.16	197.58	114218.3	LCE663	O19	NKC_084
117705.59	79769.0	62794.902	40278.0	57.77	155.04	86.33	114403.6	LCE663	O20	NKC_084
73360.8	59444.0	26174.17	19922.0	3234.03	876.18	20.47	114701.6	LCE663	O21	NKC_084
74601.0	61247.0	23970.191	17874.0	1135.78	2958.0	8.9	115171.4	LCE663	O22	NKC_084
67503.6	56145.0	24984.98	19927.0	2842.72	2223.5999	29.369999	115360.3	LCE663	O23	NKC_084
84950.1	62069.0	32891.84	22345.0	1074.74	7301.1597	15.13	115816.7	LCE663	O24	NKC_084
115089.3	69562.0	75108.63	44791.0	129.71	37108.62	61.41	1698.4	LCE123	A3	NKC_084
127671.3	83696.0	64815.76	43674.0	112.270004	17709.24	52.51	1865.3	LCE123	A4	NKC_084
102016.8	74176.0	50605.43	35155.0	105.73	25967.16	41.829998	2052.9	LCE123	A5	NKC_084
123290.09	71681.0	100057.64	55735.0	553.72003	66.299995	203.81	2330.3	LCE123	A6	NKC_084
110112.3	68001.0	86295.305	55742.0	1148.86	149.94	97.9	2758.3	LCE123	A7	NKC_084
93497.4	66435.0	73614.24	49726.0	486.14	137.7	71.2	3001.6	LCE123	A8	NKC_084
98333.09	65024.0	68036.71	44830.0	2174.55	108.119995	105.909996	3369.7	LCE123	A9	NKC_084
155062.8	88576.0	134912.58	80049.0	1257.86	105.06	187.79	4343.7	LCE123	A10	NKC_084
83309.4	57883.0	72867.59	47461.0	1606.66	66.299995	105.909996	5752.0	LCE123	A11	NKC_084
95595.3	59431.0	75192.56	45789.0	2609.46	77.52	113.03	6011.2	LCE123	A12	NKC_084
171486.89	86064.0	140813.83	70451.0	130.8	124.439995	241.19	6154.7	LCE123	A13	NKC_084
151747.2	84793.0	171893.0	100569.0	130.8	87.72	311.5	6350.6	LCE123	A14	NKC_084
96948.9	55518.0	89892.305	37582.0	100.28001	61.199997	218.05	6523.9	LCE123	A15	NKC_084
181331.1	100022.0	119831.336	64770.0	119.9	77.52	219.83	6702.3	LCE123	A16	NKC_084
200381.39	100261.0	175348.31	94064.0	141.7	93.84	39.16	6895.8	LCE123	A17	NKC_084
106067.695	66139.0	106036.3	64198.0	102.46001	67.32	111.25	7098.3	LCE123	A18	NKC_084
145593.0	90272.0	97948.49	61194.0	184.21	98.939995	338.19998	7272.3	LCE123	A19	NKC_084
80250.3	63789.0	37694.383	25786.0	609.31	8936.22	24.029999	7544.3	LCE123	A20	NKC_084
75104.1	61585.0	25238.951	19975.0	2032.8501	6543.3	24.029999	7783.7	LCE123	A21	NKC_084
88710.3	63328.0	44755.402	30090.0	4635.77	8642.46	67.64	8325.1	LCE123	A22	NKC_084
69395.4	56529.0	27849.5	22603.0	3071.62	1594.26	13.349999	9699.8	LCE123	B22	NKC_084
69182.1	57035.0	20375.371	16818.0	1475.86	2654.04	19.58	9936.4	LCE123	B21	NKC_084
65641.5	54170.0	31435.602	26425.0	736.84	11252.64	20.47	11138.7	LCE123	B20	NKC_084
118311.3	77274.0	114052.16	83627.0	183.12001	87.72	161.98	11284.0	LCE123	B19	NKC_084
171934.2	83363.0	168558.69	77544.0	103.55	115.259995	253.65	11471.1	LCE123	B18	NKC_084
109898.09	69006.0	84871.766	55336.0	109.0	60.18	228.73	11649.9	LCE123	B17	NKC_084
148122.89	87671.0	84357.28	47794.0	113.36	61.199997	117.479996	11844.8	LCE123	B16	NKC_084
163762.2	96540.0	110144.5	68237.0	80.66	83.64	-13.349999	12023.5	LCE123	B15	NKC_084
175761.0	98120.0	115333.99	59139.0	185.3	158.09999	184.23	12224.4	LCE123	B14	NKC_084
121256.09	81742.0	61376.812	40622.0	82.840004	43.86	83.659996	12432.5	LCE123	B13	NKC_084
92521.8	62469.0	69994.35	46021.0	588.60004	120.36	70.31	12678.5	LCE123	B12	NKC_084
86880.6	51887.0	85318.664	55326.0	590.78	216.23999	141.51	13055.1	LCE123	B11	NKC_084
108823.5	68626.0	74517.85	49326.0	1763.62	156.06	247.42	13442.7	LCE123	B10	NKC_084
98646.3	69428.0	67099.31	46227.0	803.33	46.92	122.82	13677.5	LCE123	B9	NKC_084
156344.39	91081.0	75482.5	41075.0	725.94	176.45999	80.99	15769.7	LCE123	B8	NKC_084
112042.8	69952.0	86328.0	56587.0	992.99005	137.7	178.0	16173.2	LCE123	B7	NKC_084
162009.89	95337.0	163453.14	95637.0	1493.3	163.2	402.28	16845.5	LCE123	B6	NKC_084
80388.9	63354.0	31730.99	22622.0	30.52	14175.96	17.8	17009.3	LCE123	B5	NKC_084
81941.4	63565.0	36885.6	25290.0	38.15	17362.44	22.25	17202.0	LCE123	B4	NKC_084
90047.695	63777.0	62886.46	39371.0	100.28001	23995.5	59.629997	17410.4	LCE123	B3	NKC_084
97985.695	71545.0	47716.93	32017.0	87.200005	30483.719	58.739998	17592.5	LCE123	B2	NKC_084
95260.5	69754.0	53466.68	34595.0	147.15001	40783.68	56.96	17787.6	LCE123	B1	NKC_084
100778.4	69593.0	61126.113	35973.0	100.28001	33673.258	97.01	17991.8	LCE123	C1	NKC_084
86880.6	67619.0	34424.383	24246.0	53.41	18268.2	36.489998	18197.0	LCE123	C2	NKC_084
84126.6	60419.0	45669.91	29893.0	83.93	25378.62	31.15	18378.2	LCE123	C3	NKC_084
100431.0	67800.0	45846.492	30966.0	111.18	26133.42	47.17	18554.1	LCE123	C4	NKC_084
103349.695	74275.0	47079.28	30076.0	105.73	40002.36	35.6	18750.9	LCE123	C5	NKC_084
112734.9	77628.0	55203.05	35419.0	531.92004	20.4	121.93	19020.6	LCE123	C6	NKC_084
100814.4	65963.0	75898.88	48134.0	1095.4501	36.72	97.9	19671.3	LCE123	C7	NKC_084
112277.695	77563.0	45373.43	32086.0	572.25	31.619999	81.88	19962.4	LCE123	C8	NKC_084
71577.0	48867.0	56423.85	39258.0	725.94	215.22	122.82	20319.4	LCE123	C9	NKC_084
108154.8	73537.0	88600.66	58339.0	535.19	207.06	102.35	20567.6	LCE123	C10	NKC_084
92975.4	67683.0	58647.453	39734.0	1457.3301	63.239998	33.82	20865.0	LCE123	C11	NKC_084
122105.695	74719.0	74856.84	40662.0	1113.98	83.64	140.62	21203.0	LCE123	C12	NKC_084
198522.0	101864.0	172948.12	83898.0	171.13	134.64	156.64	21348.5	LCE123	C13	NKC_084
117737.09	81092.0	68729.95	47636.0	81.75	42.84	47.17	21528.9	LCE123	C14	NKC_084
181177.19	95986.0	121858.734	50974.0	170.04001	99.96	247.42	21710.4	LCE123	C15	NKC_084
207661.5	103834.0	124754.87	67798.0	146.06	53.04	169.98999	21906.1	LCE123	C16	NKC_084
141480.0	83785.0	115286.03	67443.0	116.630005	75.479996	164.65	22084.7	LCE123	C17	NKC_084
127214.09	84106.0	84354.016	57747.0	85.020004	83.64	152.19	22284.1	LCE123	C18	NKC_084
166038.3	99148.0	106314.24	63396.0	103.55	135.66	229.62	22468.1	LCE123	C19	NKC_084
77403.6	62067.0	27194.41	19347.0	1631.7301	6447.42	32.93	22686.9	LCE123	C20	NKC_084
145041.3	80606.0	137429.39	77856.0	1401.74	7119.6	147.73999	22943.7	LCE123	C21	NKC_084
65607.3	54655.0	20423.33	16951.0	967.92004	5720.1597	16.02	23127.7	LCE123	C22	NKC_084
183727.8	93650.0	138940.12	65982.0	685.61005	1792.14	493.06	23311.5	LCE123	C23	NKC_084
81679.5	64096.0	29295.932	20575.0	518.84	9436.02	22.25	23517.8	LCE123	B23	NKC_084
65169.0	54996.0	18936.57	16116.0	916.69	5065.32	6.23	23958.8	LCE123	B24	NKC_084
81594.0	64732.0	36662.152	25693.0	1786.51	2856.0	24.029999	24288.1	LCE123	C24	NKC_084
81040.5	62154.0	23926.59	16650.0	2031.76	8789.34	20.47	24534.0	LCE123	D24	NKC_084
69463.8	57456.0	26946.98	21668.0	2537.52	1454.52	38.27	25036.1	LCE123	D23	NKC_084
79192.8	62659.0	26606.9	18282.0	4279.3403	1672.7999	31.15	25371.5	LCE123	D22	NKC_084
84153.6	64448.0	23440.451	17499.0	1521.64	5747.6997	32.93	25652.5	LCE123	D21	NKC_084
73632.6	59896.0	26591.64	20507.0	1529.27	5163.2397	19.58	25872.2	LCE123	D20	NKC_084
182759.39	100651.0	140225.23	75971.0	163.5	84.659996	123.71	26026.6	LCE123	D19	NKC_084
152497.8	92839.0	84392.164	48895.0	80.66	82.619995	235.84999	26194.9	LCE123	D18	NKC_084
187695.0	97601.0	153259.45	79551.0	134.07	54.059998	146.84999	26383.4	LCE123	D17	NKC_084
156744.0	92865.0	94893.23	53047.0	61.04	85.68	64.08	26572.7	LCE123	D16	NKC_084
138754.8	89272.0	73512.875	46839.0	90.47	139.73999	78.32	26760.1	LCE123	D15	NKC_084
154076.39	81914.0	96520.59	60662.0	87.200005	55.079998	173.55	26947.7	LCE123	D14	NKC_084
150760.8	81111.0	128310.445	69046.0	110.090004	59.16	225.17	27169.4	LCE123	D13	NKC_084
146961.0	87440.0	110907.5	60326.0	722.67004	158.09999	137.95	27864.2	LCE123	D12	NKC_084
112552.195	68868.0	81887.34	48923.0	736.84	118.32	85.44	28188.4	LCE123	D11	NKC_084
78555.6	62204.0	21052.26	16273.0	2923.3801	185.64	19.58	29068.6	LCE123	D10	NKC_084
129582.0	81037.0	95264.914	55659.0	575.52	120.36	104.13	29690.3	LCE123	D9	NKC_084
160411.5	88489.0	114925.24	53971.0	955.93005	84.659996	193.12999	30229.9	LCE123	D8	NKC_084
128920.5	78376.0	128199.266	56859.0	941.76	178.5	274.12	30560.3	LCE123	D7	NKC_084
147151.8	72669.0	93021.695	55798.0	907.97003	76.5	170.88	30949.1	LCE123	D6	NKC_084
94767.3	66319.0	44355.37	32236.0	98.100006	21920.82	20.47	31114.7	LCE123	D5	NKC_084
88636.5	65326.0	45469.35	31304.0	116.630005	25122.6	50.73	31296.0	LCE123	D4	NKC_084
104984.09	76221.0	33456.46	23466.0	111.18	36914.82	41.829998	31482.6	LCE123	D3	NKC_084
88404.3	62985.0	71832.09	42362.0	118.810005	26863.74	89.0	31668.0	LCE123	D2	NKC_084
100629.0	73338.0	38680.832	26409.0	98.100006	34449.48	6.23	31866.8	LCE123	D1	NKC_084
69674.4	56826.0	32775.21	24829.0	46.870003	8343.6	7.12	32053.2	LCE123	E1	NKC_084
81069.3	64829.0	20377.55	17508.0	56.68	11671.859	31.15	32240.6	LCE123	E2	NKC_084
89991.9	65424.0	43204.332	31069.0	91.560005	27500.219	14.24	32434.2	LCE123	E3	NKC_084
125665.195	79709.0	44535.223	27330.0	76.3	19494.24	45.39	32637.5	LCE123	E4	NKC_084
116998.195	75559.0	50453.92	31672.0	80.66	14615.58	20.47	32826.9	LCE123	E5	NKC_084
96977.695	64067.0	55424.32	36527.0	894.89	57.12	113.03	34228.0	LCE123	E6	NKC_084
119633.4	83025.0	66151.016	41996.0	824.04004	38.76	104.13	34467.5	LCE123	E7	NKC_084
116158.5	65660.0	101817.99	53614.0	656.18	71.4	197.58	35473.1	LCE123	E8	NKC_084
89430.3	69480.0	30623.55	21807.0	4086.4102	57.12	32.04	35836.5	LCE123	E9	NKC_084
105861.59	74890.0	53966.992	35481.0	5095.75	-9.18	49.84	36623.6	LCE123	E10	NKC_084
116996.4	72860.0	100757.42	57179.0	547.18	92.82	207.37	36926.2	LCE123	E11	NKC_084
112405.5	75275.0	80180.41	50507.0	1063.8401	156.06	218.94	37243.5	LCE123	E12	NKC_084
139983.3	80900.0	63415.113	33866.0	162.41	49.98	312.38998	37398.6	LCE123	E13	NKC_084
146405.7	73101.0	56008.562	30075.0	63.22	76.5	204.7	37581.0	LCE123	E14	NKC_084
121781.695	80964.0	73794.09	46946.0	58.86	62.219997	99.68	37772.9	LCE123	E15	NKC_084
212930.1	103914.0	157594.39	84923.0	151.51001	79.56	198.47	37963.0	LCE123	E16	NKC_084
150299.1	79137.0	73464.914	47417.0	73.03	141.78	314.16998	38155.1	LCE123	E17	NKC_084
152385.3	91410.0	90375.17	49133.0	64.310005	43.86	-119.259995	38346.2	LCE123	E18	NKC_084
124775.09	80693.0	68364.805	42151.0	86.11	57.12	101.46	38536.1	LCE123	E19	NKC_084
65019.598	52551.0	34018.902	27715.0	1123.79	20405.1	12.46	39148.1	LCE123	E20	NKC_084
72228.6	59573.0	23405.57	19538.0	1122.7001	11900.34	41.829998	39639.2	LCE123	E21	NKC_084
86220.0	64397.0	32067.8	23399.0	824.04004	12261.42	47.17	39928.5	LCE123	E22	NKC_084
65498.4	54831.0	21239.74	17280.0	2742.4402	2006.34	25.81	40228.5	LCE123	E23	NKC_084
89831.695	67364.0	34979.19	23446.0	892.71	31915.799	40.94	40392.4	LCE123	E24	NKC_084
81003.6	64484.0	31348.4	25269.0	8633.891	2670.3599	19.58	40628.8	LCE123	F24	NKC_084
65151.0	53174.0	19594.93	15165.0	3032.3801	2218.5	30.26	40859.7	LCE123	F23	NKC_084
72812.695	59586.0	29554.262	22090.0	4104.94	1601.4	28.48	41302.9	LCE123	F22	NKC_084
66167.1	55328.0	20532.33	16558.0	2800.2102	1303.5599	-129.05	41648.5	LCE123	F21	NKC_084
81669.6	64321.0	32241.111	23611.0	715.04004	4820.52	24.029999	42616.2	LCE123	F20	NKC_084
117014.4	73411.0	74782.72	48382.0	67.58	31.619999	-105.909996	42786.9	LCE123	F19	NKC_084
164070.89	82382.0	81183.2	54091.0	104.64	44.879997	83.659996	42988.2	LCE123	F18	NKC_084
129741.3	81335.0	63052.14	42146.0	103.55	38.76	313.28	43167.9	LCE123	F17	NKC_084
147830.39	89503.0	126641.66	80639.0	115.54	71.4	169.98999	43360.1	LCE123	F16	NKC_084
177596.1	97583.0	111904.85	57662.0	140.61	108.119995	302.6	43563.7	LCE123	F15	NKC_084
151375.5	86205.0	117400.63	65687.0	173.31001	73.44	151.3	43742.0	LCE123	F14	NKC_084
150881.39	81160.0	106594.375	56867.0	117.72	90.78	146.84999	43934.0	LCE123	F13	NKC_084
109801.8	69144.0	64827.754	42347.0	483.96002	117.299995	105.909996	44667.6	LCE123	F12	NKC_084
101886.3	73344.0	68785.54	48999.0	2052.47	31.619999	153.08	45011.1	LCE123	F11	NKC_084
102295.8	73369.0	55875.582	35262.0	2523.35	21.42	56.96	45391.4	LCE123	F10	NKC_084
108905.4	75915.0	54893.492	36273.0	818.59	49.98	103.24	45743.1	LCE123	F9	NKC_084
139243.5	76711.0	106448.31	67814.0	1035.5	57.12	132.61	46026.2	LCE123	F8	NKC_084
74879.1	58375.0	30956.0	22863.0	7700.85	22.439999	32.93	46990.9	LCE123	F7	NKC_084
114627.59	66503.0	122162.84	78690.0	868.73004	61.199997	131.72	47463.4	LCE123	F6	NKC_084
81531.0	45020.0	78168.266	46587.0	168.95001	51320.277	108.58	47658.2	LCE123	F5	NKC_084
83538.0	59431.0	49896.93	30650.0	83.93	24574.86	50.73	47842.3	LCE123	F4	NKC_084
95778.9	70911.0	34125.723	25414.0	70.85	23338.62	29.369999	48019.2	LCE123	F3	NKC_084
82764.0	61538.0	35853.37	24093.0	81.75	23302.92	47.17	48217.5	LCE123	F2	NKC_084
100869.3	75470.0	45154.34	29522.0	103.55	30796.86	63.19	48401.9	LCE123	F1	NKC_084
98507.695	71142.0	50543.3	33802.0	126.44	25578.54	37.38	48581.6	LCE123	G1	NKC_084
76243.5	59758.0	32480.91	23327.0	52.32	17076.84	42.72	48775.5	LCE123	G2	NKC_084
78598.8	62572.0	26837.98	19770.0	69.76	17269.62	32.93	48966.6	LCE123	G3	NKC_084
95279.4	70820.0	35685.51	26014.0	97.01	20660.1	29.369999	49139.6	LCE123	G4	NKC_084
80108.1	56557.0	52454.07	33047.0	142.79001	33893.58	-49.84	49341.8	LCE123	G5	NKC_084
158905.8	92083.0	128255.945	75330.0	768.45	110.159996	263.44	50218.4	LCE123	G6	NKC_084
111719.695	76202.0	84980.766	56171.0	1075.8301	51.0	123.71	51198.4	LCE123	G7	NKC_084
88649.09	49939.0	65269.203	40891.0	1600.12	111.18	185.12	51632.1	LCE123	G8	NKC_084
91806.3	61340.0	57074.582	37568.0	1377.76	19.38	79.21	51876.9	LCE123	G9	NKC_084
102721.5	73270.0	69571.43	48149.0	515.57	87.72	81.88	52314.2	LCE123	G10	NKC_084
124857.0	82005.0	103987.09	70809.0	807.69	100.979996	173.55	52882.2	LCE123	G11	NKC_084
100530.9	68079.0	56687.633	36126.0	1207.7201	54.059998	105.02	53365.5	LCE123	G12	NKC_084
189400.5	101008.0	143949.77	77574.0	199.47	97.92	367.57	53535.4	LCE123	G13	NKC_084
123507.9	80825.0	83597.555	50390.0	86.11	53.04	3.56	53716.8	LCE123	G14	NKC_084
106602.3	76613.0	44396.793	32702.0	65.4	90.78	132.61	53906.7	LCE123	G15	NKC_084
133065.89	85380.0	68145.71	42452.0	59.95	51.0	81.88	54082.5	LCE123	G16	NKC_084
168106.5	93254.0	87726.48	45882.0	151.51001	100.979996	158.42	54267.4	LCE123	G17	NKC_084
124091.09	66700.0	126366.98	70395.0	123.170006	128.52	191.34999	54457.1	LCE123	G18	NKC_084
153365.39	90267.0	111826.375	61455.0	129.71	112.2	98.79	54653.1	LCE123	G19	NKC_084
68003.1	55957.0	24217.621	17717.0	2984.4202	908.82	16.02	54885.5	LCE123	G20	NKC_084
64008.9	53036.0	20435.32	15739.0	1047.49	924.12	11.57	55603.9	LCE123	G21	NKC_084
74261.695	60775.0	29124.8	23071.0	553.72003	4488.0	37.38	55904.8	LCE123	G22	NKC_084
67648.5	55005.0	23553.81	18514.0	2658.51	2135.88	37.38	56129.7	LCE123	G23	NKC_084
83460.6	67034.0	30294.371	23706.0	1335.25	11033.34	40.94	56513.8	LCE123	G24	NKC_084
68963.4	57234.0	23153.781	18732.0	481.78003	5309.1	17.8	56811.1	LCE123	H24	NKC_084
75603.6	61082.0	28189.58	21009.0	1076.92	3540.42	24.029999	57043.4	LCE123	H23	NKC_084
71742.6	57684.0	21189.602	15550.0	1443.16	2035.9199	49.84	57619.9	LCE123	H22	NKC_084
69491.695	57838.0	25691.3	20796.0	5004.19	2267.46	38.27	57942.7	LCE123	H21	NKC_084
65092.5	53703.0	25804.66	20575.0	759.73004	4843.98	34.71	58124.3	LCE123	H20	NKC_084
133518.6	79359.0	89275.36	54198.0	117.72	78.54	225.17	58281.2	LCE123	H19	NKC_084
139803.3	81490.0	91416.125	49501.0	136.25	127.5	87.22	58457.9	LCE123	H18	NKC_084
113205.59	68819.0	92460.34	60014.0	99.19	39.78	132.61	58629.4	LCE123	H17	NKC_084
126584.09	83404.0	65838.18	41867.0	75.21	64.26	108.58	58841.1	LCE123	H16	NKC_084
193237.19	93932.0	180991.23	87112.0	125.350006	145.86	283.02	59021.2	LCE123	H15	NKC_084
176730.3	90419.0	94867.06	51787.0	125.350006	74.46	86.33	59199.3	LCE123	H14	NKC_084
136118.7	89306.0	68313.57	45898.0	68.670006	79.56	75.65	59373.4	LCE123	H13	NKC_084
131430.6	78173.0	83770.86	45958.0	547.18	214.2	178.89	59573.5	LCE123	H12	NKC_084
91024.195	64660.0	73545.57	52336.0	620.21	143.81999	154.86	60246.0	LCE123	H11	NKC_084
121280.4	74496.0	71607.555	42234.0	649.64	70.38	89.0	61082.0	LCE123	H10	NKC_084
109923.3	72508.0	86128.53	55501.0	644.19	39.78	209.15	61432.5	LCE123	H9	NKC_084
214011.0	108645.0	136786.28	65982.0	506.85	42.84	241.19	62601.1	LCE123	H8	NKC_084
97865.09	66400.0	88303.086	55411.0	1355.9601	55.079998	112.14	63580.6	LCE123	H7	NKC_084
73327.5	55684.0	67212.67	44327.0	897.07	104.04	52.51	64481.0	LCE123	H6	NKC_084
88783.195	67521.0	42329.062	32179.0	75.21	7478.6396	28.48	64664.1	LCE123	H5	NKC_084
74162.695	55967.0	32616.07	25046.0	37.06	13060.08	23.14	64839.7	LCE123	H4	NKC_084
86859.0	68706.0	30248.592	22703.0	100.28001	28401.9	55.18	65024.1	LCE123	H3	NKC_084
92073.59	68581.0	39993.19	28552.0	99.19	32143.26	32.93	65247.3	LCE123	H2	NKC_084
104433.3	68186.0	48925.742	33582.0	99.19	35397.06	58.739998	65435.3	LCE123	H1	NKC_084
77253.3	57714.0	53978.98	39818.0	123.170006	24935.94	72.979996	65606.1	LCE123	I1	NKC_084
88117.195	68832.0	50868.12	40682.0	100.28001	25742.76	50.73	65793.7	LCE123	I2	NKC_084
92093.4	69423.0	54680.94	38078.0	64.310005	29921.7	72.09	65971.7	LCE123	I3	NKC_084
88869.59	64800.0	40857.562	30090.0	83.93	16407.719	39.16	66168.2	LCE123	I4	NKC_084
75398.4	61587.0	21734.602	17423.0	53.41	15245.939	26.699999	66354.1	LCE123	I5	NKC_084
106083.0	64815.0	69954.02	45393.0	1718.93	53.04	117.479996	66673.5	LCE123	I6	NKC_084
86570.1	67007.0	25070.0	17943.0	3942.53	-3.06	51.62	67386.5	LCE123	I7	NKC_084
117792.0	75418.0	59315.62	37679.0	699.78	183.59999	188.68	67867.4	LCE123	I8	NKC_084
108460.8	65709.0	91603.6	55503.0	1172.8401	25.5	150.41	68237.8	LCE123	I9	NKC_084
112556.695	75997.0	50147.633	32546.0	510.12003	9.18	63.19	69003.9	LCE123	I10	NKC_084
109659.59	70016.0	61890.203	38002.0	1815.9401	114.24	132.61	69390.4	LCE123	I11	NKC_084
113189.4	66086.0	78115.945	48779.0	545.0	114.24	130.83	70484.4	LCE123	I12	NKC_084
181504.8	100245.0	112940.35	62661.0	103.55	77.52	153.97	70685.8	LCE123	I13	NKC_084
156011.39	92052.0	88526.53	55739.0	101.37	61.199997	129.94	70859.8	LCE123	I14	NKC_084
156208.5	88536.0	111865.62	66899.0	94.83	110.159996	171.77	71045.0	LCE123	I15	NKC_084
129510.0	83195.0	74631.21	48834.0	99.19	56.1	177.11	71216.6	LCE123	I16	NKC_084
154481.39	85218.0	105791.05	56509.0	126.44	170.34	126.38	71397.4	LCE123	I17	NKC_084
143692.2	75505.0	135346.39	74551.0	186.39	64.26	123.71	71588.5	LCE123	I18	NKC_084
107504.09	70372.0	46307.562	30810.0	80.66	38.76	100.57	71766.6	LCE123	I19	NKC_084
66908.695	53730.0	20829.9	15269.0	668.17004	5055.12	25.81	71970.9	LCE123	I20	NKC_084
82078.195	65370.0	33121.832	26304.0	4769.8403	3399.66	10.68	72269.7	LCE123	I21	NKC_084
74315.695	60277.0	24849.82	20298.0	768.45	8415.0	-77.43	72850.7	LCE123	I22	NKC_084
148333.5	84831.0	88543.98	50503.0	515.57	823.14	192.23999	73191.8	LCE123	I23	NKC_084
77390.1	61564.0	25676.041	20299.0	1156.49	16529.1	23.14	73859.2	LCE123	I24	NKC_084
82420.195	65284.0	30273.66	23682.0	954.84	6674.88	34.71	74241.7	LCE123	J24	NKC_084
74070.9	60476.0	25354.49	19499.0	4391.6104	1479.0	20.47	74490.8	LCE123	J23	NKC_084
96039.9	69186.0	44986.48	30110.0	1450.79	9553.319	-149.52	74680.9	LCE123	J22	NKC_084
67990.5	55837.0	28020.63	22791.0	1807.2201	5368.26	38.27	75073.6	LCE123	J21	NKC_084
62302.5	51179.0	21514.42	17487.0	571.16003	6395.4	23.14	75308.5	LCE123	J20	NKC_084
100231.195	58681.0	113345.836	54422.0	77.39	40.8	109.47	75464.1	LCE123	J19	NKC_084
113138.09	78002.0	58740.1	38922.0	64.310005	37.739998	54.29	75625.3	LCE123	J18	NKC_084
165294.0	89557.0	96066.06	56972.0	95.920006	74.46	118.369995	75818.6	LCE123	J17	NKC_084
132546.6	80665.0	135734.44	85927.0	154.78	106.08	209.15	75994.9	LCE123	J16	NKC_084
108698.4	74387.0	69333.81	44197.0	70.85	31.619999	138.84	76178.6	LCE123	J15	NKC_084
62361.0	52314.0	23472.06	20098.0	75.21	39.78	46.28	76366.3	LCE123	J14	NKC_084
179262.0	102573.0	102166.8	55607.0	107.91	80.58	163.76	76558.8	LCE123	J13	NKC_084
95961.59	65824.0	57554.184	42043.0	661.63	40.8	77.43	76750.2	LCE123	J12	NKC_084
134571.6	85031.0	82866.164	56962.0	1151.04	190.73999	206.48	77015.4	LCE123	J11	NKC_084
78460.195	64563.0	24094.451	18810.0	2160.3801	130.56	14.24	77654.1	LCE123	J10	NKC_084
186039.89	94777.0	152225.05	85290.0	550.45	132.59999	246.53	78511.7	LCE123	J9	NKC_084
156843.89	81239.0	144024.97	82574.0	510.12003	186.66	237.62999	78738.3	LCE123	J8	NKC_084
117967.5	73975.0	83355.57	54673.0	2582.21	97.92	129.05	80093.2	LCE123	J7	NKC_084
141552.89	78692.0	118912.46	67555.0	4006.84	213.18	220.72	81684.4	LCE123	J6	NKC_084
76309.195	61081.0	28610.32	22142.0	43.600002	13329.359	31.15	81838.9	LCE123	J5	NKC_084
97135.195	70567.0	39354.453	28631.0	93.740005	20414.28	32.93	82026.1	LCE123	J4	NKC_084
82888.195	63924.0	47864.082	35486.0	138.43001	39355.68	25.81	82215.4	LCE123	J3	NKC_084
122415.3	80528.0	59494.383	38132.0	128.62001	22191.12	48.95	82427.5	LCE123	J2	NKC_084
121099.5	72405.0	52417.01	33048.0	112.270004	29213.82	110.36	82613.0	LCE123	J1	NKC_084
120102.3	81073.0	47448.793	29310.0	65.4	14748.18	90.78	82805.1	LCE123	K1	NKC_084
91027.8	69853.0	29254.512	20993.0	55.59	19192.32	43.61	83002.5	LCE123	K2	NKC_084
99246.59	72022.0	47259.133	32015.0	81.75	26720.94	48.059998	83185.6	LCE123	K3	NKC_084
75738.6	56844.0	37702.01	30101.0	88.29	26718.9	29.369999	83363.4	LCE123	K4	NKC_084
72907.195	55436.0	48199.8	29971.0	109.0	26445.54	28.48	83549.0	LCE123	K5	NKC_084
133872.3	85877.0	80701.42	48514.0	559.17004	67.32	161.09	83872.2	LCE123	K6	NKC_084
103632.3	65205.0	86614.67	55554.0	720.49005	66.299995	224.28	84626.9	LCE123	K7	NKC_084
66102.3	55327.0	21302.96	17821.0	2993.1401	218.28	-2.67	84997.0	LCE123	K8	NKC_084
93889.8	67643.0	51632.21	32462.0	2150.57	37.739998	70.31	85491.3	LCE123	K9	NKC_084
135281.7	79148.0	99657.61	57060.0	888.35004	168.3	218.05	86109.6	LCE123	K10	NKC_084
83356.195	64753.0	27995.56	20470.0	1815.9401	13.26	42.72	87339.0	LCE123	K11	NKC_084
81002.695	64266.0	29787.521	22930.0	723.76	157.08	43.61	87609.7	LCE123	K12	NKC_084
131040.0	80533.0	88068.734	56288.0	93.740005	68.34	329.3	87753.6	LCE123	K13	NKC_084
142453.8	77611.0	97263.98	52856.0	64.310005	69.36	111.25	87926.0	LCE123	K14	NKC_084
170471.7	99529.0	116377.125	66752.0	151.51001	88.74	137.95	88125.4	LCE123	K15	NKC_084
95187.59	63575.0	59677.5	37974.0	112.270004	105.06	105.909996	88317.3	LCE123	K16	NKC_084
114849.9	79278.0	70707.21	49100.0	54.5	132.59999	210.04	88495.1	LCE123	K17	NKC_084
150230.7	87583.0	85212.93	60294.0	153.69	71.4	105.909996	88683.5	LCE123	K18	NKC_084
139423.5	84814.0	87477.95	47362.0	66.490005	43.86	152.19	88871.2	LCE123	K19	NKC_084
105268.5	74576.0	109033.8	71159.0	644.19	5742.6	130.83	89351.8	LCE123	K20	NKC_084
71729.1	57531.0	24049.76	19118.0	616.94	2408.22	23.14	89927.9	LCE123	K21	NKC_084
86620.5	67061.0	31792.031	22351.0	2740.26	9938.88	33.82	90206.2	LCE123	K22	NKC_084
71604.9	58640.0	26587.281	21243.0	905.79004	3337.44	16.91	90564.5	LCE123	K23	NKC_084
71354.695	56987.0	26391.08	19412.0	4292.42	1689.12	28.48	91090.4	LCE123	K24	NKC_084
73842.3	60089.0	24933.75	19445.0	5457.6304	1400.46	42.72	91835.5	LCE123	L24	NKC_084
167040.89	94652.0	116131.875	55639.0	621.30005	1081.2	287.47	92206.5	LCE123	L23	NKC_084
95487.3	63963.0	62836.32	42056.0	792.43005	1586.1	93.45	92662.1	LCE123	L22	NKC_084
81723.6	63885.0	27615.15	20419.0	513.39	4753.1997	35.6	92972.3	LCE123	L21	NKC_084
72411.3	58029.0	21439.21	16579.0	949.39	7615.32	32.04	93188.4	LCE123	L20	NKC_084
122446.8	75011.0	101098.59	55203.0	81.75	63.239998	88.11	93350.9	LCE123	L19	NKC_084
111242.695	69370.0	69722.945	43577.0	99.19	69.36	181.56	93538.6	LCE123	L18	NKC_084
152281.8	95991.0	84548.03	52854.0	82.840004	74.46	97.9	93711.6	LCE123	L17	NKC_084
162639.89	91539.0	111419.805	67567.0	73.03	39.78	199.36	93905.2	LCE123	L16	NKC_084
147077.1	87380.0	98263.5	64322.0	75.21	87.72	119.259995	94113.4	LCE123	L15	NKC_084
83324.695	62203.0	57255.523	44367.0	76.3	43.86	80.1	94301.8	LCE123	L14	NKC_084
144589.5	84291.0	92821.13	51558.0	125.350006	112.2	114.81	94493.3	LCE123	L13	NKC_084
132750.0	83874.0	81784.88	50875.0	963.56006	37.739998	79.21	95354.7	LCE123	L12	NKC_084
111704.4	69558.0	76335.97	49271.0	1325.4401	107.1	191.34999	96312.7	LCE123	L11	NKC_084
115106.4	71573.0	111822.016	55745.0	783.71	189.72	261.66	97254.7	LCE123	L10	NKC_084
128369.695	81499.0	83504.91	51511.0	825.13	221.34	161.09	97949.7	LCE123	L9	NKC_084
101319.3	64351.0	85954.13	57364.0	900.34	114.24	136.17	98299.1	LCE123	L8	NKC_084
124285.5	76366.0	70726.836	43463.0	507.94	82.619995	114.81	98999.9	LCE123	L7	NKC_084
156291.3	87748.0	88737.99	43725.0	719.4	135.66	291.03	99241.0	LCE123	L6	NKC_084
100027.8	75366.0	41186.742	30913.0	90.47	21417.959	10.68	99385.5	LCE123	L5	NKC_084
87676.195	62028.0	50154.17	31510.0	65.4	23775.18	40.94	99555.9	LCE123	L4	NKC_084
83781.0	61589.0	35453.34	26329.0	62.13	10014.359	184.23	99748.1	LCE123	L3	NKC_084
86880.6	65483.0	39173.51	28373.0	54.5	8803.62	9.79	99939.0	LCE123	L2	NKC_084
95428.8	64974.0	49377.0	35270.0	109.0	30313.379	60.52	100115.5	LCE123	L1	NKC_084
105245.09	73443.0	59533.62	36614.0	147.15001	36057.0	76.54	100324.3	LCE123	M1	NKC_084
93573.0	67511.0	46619.3	29662.0	119.9	35919.3	81.88	100510.5	LCE123	M2	NKC_084
103607.09	75840.0	45093.3	30594.0	75.21	26396.58	53.399998	100682.5	LCE123	M3	NKC_084
90905.4	68840.0	24943.56	19549.0	66.490005	15768.18	24.92	100872.2	LCE123	M4	NKC_084
77902.195	62671.0	28444.64	20875.0	71.94	15950.76	36.489998	101072.4	LCE123	M5	NKC_084
125613.0	73101.0	111472.125	60725.0	1036.5901	138.72	128.16	101997.8	LCE123	M6	NKC_084
103294.8	61273.0	85289.234	48767.0	974.46	142.8	181.56	102476.7	LCE123	M7	NKC_084
130398.3	86975.0	62767.652	41458.0	471.97	67.32	141.51	103060.4	LCE123	M8	NKC_084
111472.195	73881.0	61455.293	39573.0	720.49005	58.14	126.38	103304.7	LCE123	M9	NKC_084
119172.59	81908.0	60642.152	43869.0	624.57	140.76	186.9	103939.8	LCE123	M10	NKC_084
123985.8	78913.0	100107.78	57828.0	1850.8201	130.56	123.71	104219.5	LCE123	M11	NKC_084
103638.59	71221.0	63042.332	40385.0	3313.6	25.5	75.65	106151.2	LCE123	M12	NKC_084
106734.59	69242.0	90970.31	59678.0	66.490005	36.72	197.58	106310.7	LCE123	M13	NKC_084
161488.8	90250.0	101049.55	56135.0	105.73	73.44	180.67	106483.7	LCE123	M14	NKC_084
79434.9	61431.0	39081.953	33916.0	56.68	63.239998	51.62	106658.8	LCE123	M15	NKC_084
130395.59	79514.0	76220.43	47393.0	94.83	146.88	145.95999	106851.8	LCE123	M16	NKC_084
122655.59	74530.0	70698.49	43898.0	73.03	62.219997	60.52	107029.5	LCE123	M17	NKC_084
149015.7	85143.0	116973.35	69723.0	116.630005	59.16	124.6	107210.4	LCE123	M18	NKC_084
149544.89	92051.0	90984.484	54958.0	109.0	46.92	129.94	107393.5	LCE123	M19	NKC_084
69752.695	56966.0	26100.05	19357.0	1090.0	10388.7	13.349999	107755.3	LCE123	M20	NKC_084
79166.695	62360.0	28264.791	22945.0	1521.64	12944.819	27.59	107952.5	LCE123	M21	NKC_084
69892.195	57621.0	21157.99	16475.0	1953.28	854.76	32.04	108136.7	LCE123	M22	NKC_084
77582.695	61521.0	26722.441	20274.0	1343.9701	11644.319	19.58	108544.8	LCE123	M23	NKC_084
155195.1	76214.0	120824.32	64147.0	2898.31	16140.4795	55.18	108768.3	LCE123	M24	NKC_084
74073.6	58736.0	25046.021	19452.0	1318.9	12519.4795	44.5	109034.8	LCE123	N24	NKC_084
78709.5	63114.0	27666.38	19527.0	1557.6101	14144.34	22.25	109434.8	LCE123	N23	NKC_084
62118.0	51590.0	23074.21	19466.0	637.65	2934.54	21.36	109651.3	LCE123	N22	NKC_084
69148.8	56205.0	21453.38	16738.0	2812.2002	787.44	26.699999	110043.5	LCE123	N21	NKC_084
132602.39	80636.0	86752.016	46375.0	113.36	48.96	67.64	110194.7	LCE123	N20	NKC_084
152197.2	96132.0	77399.81	44743.0	120.990005	66.299995	100.57	110372.4	LCE123	N19	NKC_084
162887.39	93010.0	123402.17	66207.0	104.64	100.979996	180.67	110545.8	LCE123	N18	NKC_084
143123.39	88536.0	83743.61	54487.0	112.270004	75.479996	56.07	110730.6	LCE123	N17	NKC_084
155694.6	88663.0	90172.43	50968.0	91.560005	73.44	137.06	110927.9	LCE123	N16	NKC_084
177702.3	96266.0	128154.57	64549.0	199.47	117.299995	209.15	111114.7	LCE123	N15	NKC_084
162100.8	91217.0	116287.74	63862.0	74.12	68.34	83.659996	111319.5	LCE123	N14	NKC_084
127607.4	85514.0	157304.44	102131.0	162.41	88.74	75.65	111500.0	LCE123	N13	NKC_084
200606.39	95461.0	198280.81	85161.0	609.31	117.299995	414.74	111825.2	LCE123	N12	NKC_084
108355.5	63594.0	83149.56	50564.0	1038.77	26.52	130.83	112237.9	LCE123	N11	NKC_084
96663.59	64220.0	68163.15	44923.0	582.06	184.62	199.36	112533.3	LCE123	N10	NKC_084
185207.39	92339.0	190186.47	80231.0	652.91003	191.76	500.18	112727.2	LCE123	N9	NKC_084
111073.5	67669.0	114107.74	68747.0	1195.73	95.88	166.43	113891.6	LCE123	N8	NKC_084
92194.195	62436.0	88287.82	58586.0	1012.61005	87.72	167.31999	114810.5	LCE123	N7	NKC_084
108042.3	74435.0	91195.945	56743.0	705.23004	185.64	128.16	115243.0	LCE123	N6	NKC_084
100876.5	57324.0	93240.78	55683.0	833.85004	25.5	106.799995	115473.6	LCE123	N5	NKC_084
69001.195	56885.0	25027.49	19858.0	97.01	9320.76	40.94	115622.1	LCE123	N4	NKC_084
69776.1	56617.0	17662.361	13219.0	53.41	8871.96	-4.45	115819.0	LCE123	N3	NKC_084
97237.8	69648.0	44553.75	29970.0	149.33	51435.54	28.48	115997.8	LCE123	N2	NKC_084
81864.9	57772.0	51075.223	33303.0	50.140003	23003.04	80.99	116169.5	LCE123	N1	NKC_084
79705.8	63633.0	29620.75	21986.0	32.7	10880.34	50.73	116347.0	LCE123	O1	NKC_084
104875.195	77810.0	42555.78	28262.0	124.26	37388.098	54.29	116525.2	LCE123	O2	NKC_084
110337.3	74131.0	72034.836	42867.0	146.06	35663.28	91.67	116712.7	LCE123	O3	NKC_084
85540.5	63566.0	40711.5	29216.0	79.57	14053.56	15.13	116903.1	LCE123	O4	NKC_084
126213.3	76742.0	95020.75	57269.0	1254.5901	31.619999	146.84999	117373.3	LCE123	O5	NKC_084
107736.3	67466.0	84092.414	49622.0	1104.17	39.78	109.47	118302.2	LCE123	O6	NKC_084
92063.695	60539.0	56347.55	36768.0	1532.54	119.34	93.45	118677.7	LCE123	O7	NKC_084
115659.9	77392.0	85775.375	54843.0	754.28	204.0	125.49	119461.1	LCE123	O8	NKC_084
110896.195	70601.0	110655.71	54367.0	518.84	128.52	145.95999	119741.4	LCE123	O9	NKC_084
89847.0	64538.0	37894.94	27374.0	2427.4302	34.68	54.29	120082.1	LCE123	O10	NKC_084
101751.3	64028.0	104581.14	65189.0	501.40002	55.079998	107.689995	120998.8	LCE123	O11	NKC_084
122646.59	82224.0	65304.082	45146.0	1609.93	59.16	48.059998	122333.1	LCE123	O12	NKC_084
143073.0	92079.0	87016.88	54886.0	75.21	61.199997	74.76	122489.0	LCE123	O13	NKC_084
136794.6	74640.0	100566.67	57247.0	106.82	153.0	181.56	122679.1	LCE123	O14	NKC_084
117392.4	80442.0	107238.56	70175.0	154.78	57.12	97.9	122869.5	LCE123	O15	NKC_084
140045.39	87935.0	79742.22	46074.0	110.090004	57.12	101.46	123047.8	LCE123	O16	NKC_084
125945.09	78045.0	84253.734	51903.0	154.78	58.14	118.369995	123231.1	LCE123	O17	NKC_084
98268.3	69899.0	57559.633	42501.0	82.840004	45.899998	139.73	123426.1	LCE123	O18	NKC_084
153191.7	86704.0	91187.23	50858.0	127.53001	98.939995	211.81999	123612.7	LCE123	O19	NKC_084
155246.39	88072.0	93204.81	52107.0	69.76	84.659996	163.76	123816.2	LCE123	O20	NKC_084
76473.0	60291.0	48538.793	37203.0	620.21	19658.459	29.369999	123984.9	LCE123	O21	NKC_084
108873.0	73971.0	101284.984	70075.0	700.87	23535.48	110.36	124672.4	LCE123	O22	NKC_084
80415.9	63039.0	33754.03	25382.0	707.41003	9447.24	37.38	125308.5	LCE123	O23	NKC_084
148211.1	87219.0	105020.414	59449.0	531.92004	792.54	210.93	125803.3	LCE123	O24	NKC_084
